Workbook

Sheet Model
A1: =SUM(C1:GU1) -> 1 | G1: 0.03 | K1: 0.03 | O1: 0.03 | S1: 0.02 | W1: 0.02 | AA1: 0.02 | AE1: 0.04 | AI1: 0.06 | AM1: 0.04 | AQ1: 0 | AU1: 0 | AY1: 0 | BC1: 0.01 | BG1: 0.02 | BK1: 0.02 | BO1: 0.01 | BS1: 0.02 | BW1: 0.02 | CA1: 0.01 | CE1: 0.03 | CI1: 0.04 | CM1: 0.03 | CQ1: 0.02 | CU1: 0.02 | CY1: 0.02 | DC1: 0.02 | DG1: 0.02 | DK1: 0.02 | DO1: 0 | DR1: 0 | DU1: 0 | EU1: 0 | EV1: 0.03 | EZ1: 0 | FP1: 0.02 | FT1: 0.02 | FW1: 0.02 | FZ1: 0 | GE1: 0.09 | GK1: 0.07 | GQ1: 0.05 | GU1: 0.08
B2: Odds | G2: SG: OTT | S2: Good Drive % | AE2: SG: APP | AQ2: Weighted Strokes Gained: Approach | BC2: SG: ATG | BO2: SG: Putting | CE2: Expected Hole Performance | CQ2: Birdie or Better % | DC2: Bogey Avoid | DO2: Showdown | DX2: C. History | EV2: Comps | FD2: Recent Finishes | FO2: Cut & Finish % | GC2: Form & Field Strength | GX2: Probabilities & Market Odds | HG2: Ratings | HJ2: DraftKings | HN2: FanDuel
A3: Golfer | B3: To Win | C3: Top 10 | D3: Top 20 | E3: 128 | F3: Score | G3: L3 Months | H3: Rank | I3: -0.020122075 | J3: 0.4249364 | K3: L6 Months | L3: Rank | M3: -0.060698152 | N3: 0.40605794 | O3: L18 Months | P3: Rank | Q3: -0.063892653 | R3: 0.37061702 | S3: L3 Months | T3: Rank | U3: 83.00678 | V3: 3.8468505 | W3: L6 Months | X3: Rank | Y3: 81.019672 | Z3: 3.7733022 | AA3: L18 Months | AB3: Rank | AC3: 81.200806 | AD3: 3.3441932 | AE3: L3 Months | AF3: Rank | AG3: -0.023050635 | AH3: 0.56170404 | AI3: L6 Months | AJ3: Rank | AK3: -0.087731078 | AL3: 0.48894617 | AM3: L18 Months | AN3: Rank | AO3: -0.085226087 | AP3: 0.47762592 | AQ3: L6 Months | AR3: Rank | AS3: 0 | AT3: #DIV/0! | AU3: L12 Months | AV3: Rank | AW3: 0 | AX3: #DIV/0! | AY3: L24 Months | AZ3: Rank | BA3: 0 | BB3: #DIV/0! | BC3: L3 Months | BD3: Rank | BE3: -0.0035651519 | BF3: 0.27903584 | BG3: L6 Months | BH3: Rank | BI3: -0.0026159706 | BJ3: 0.27703194 | BK3: L18 Months | BL3: Rank | BM3: -0.028962918 | BN3: 0.27789449 | BO3: L3 Months | BP3: Rank | BQ3: -0.026623631 | BR3: 0.48670008 | BS3: L6 Months | BT3: Rank | BU3: -0.045425167 | BV3: 0.38646346 | BW3: L18 Months | BX3: Rank | BY3: -0.05184611 | BZ3: 0.37457274 | CA3: Bent/Poa | CB3: Rank | CC3: -0.07390625 | CD3: 0.61237784 | CE3: L3 Months | CF3: Rank | CG3: -0.17355932 | CH3: 0.94086827 | CI3: L6 Months | CJ3: Rank | CK3: 0.17231405 | CL3: 0.54522989 | CM3: L18 Months | CN3: Rank | CO3: -0.18827869 | CP3: 0.86023795 | CQ3: L3 Months | CR3: Rank | CS3: 21.870339 | CT3: 2.4249868 | CU3: L6 Months | CV3: Rank | CW3: 20.859836 | CX3: 2.163621 | CY3: L18 Months | CZ3: Rank | DA3: 21.6368 | DB3: 1.9081524 | DC3: L3 Months | DD3: Rank | DE3: 84.840678 | DF3: 2.7145945 | DG3: L6 Months | DH3: Rank | DI3: 84.145902 | DJ3: 2.5058341 | DK3: L18 Months | DL3: Rank | DM3: 84.6608 | DN3: 2.1070509 | DO3: Ball Striking | DP3: 0 | DR3: Tee to Green | DS3: 0 | DU3: SG: Total | DV3: 0 | DX3: 2025 | DY3: 2024 | DZ3: 2023 | EA3: 2022 | EB3: 2021 | EI3: -0.5 | EJ3: 0 | EL3: 0 | EM3: 0 | EO3: 0 | EP3: 0 | ER3: 2.5 | ES3: 2.5 | ET3: 0 | EU3: Rating | EV3: Weak Field | EW3: 0.25676562 | EY3: 0.72781669 | EZ3: High Missed Fairway Penalty | FA3: 0 | FC3: 0 | FD3: Cuts Made | FE3: LW | FF3: -2W | FG3: -3W | FH3: -4W | FI3: -5W | FJ3: -6W | FK3: -7W | FL3: -8W | FM3: -9W | FN3: -10W | FO3: Events | FP3: Cut % | FR3: 0.56996805 | FS3: 0.17271913 | FT3: Top 25% Finish | FU3: 0.27617231 | FV3: 0.12837922 | FW3: Top 10% Finish | FX3: 0.11696484 | FY3: 0.070737172 | FZ3: Top 5% Finish | GA3: 0.061310791 | GB3: 0.049314269 | GC3: 1 | GD3: 2 | GE3: L3 Months SG/Round | GF3: -0.18793578 | GG3: 0.8491268 | GH3: L4 Months Rounds | GI3: L8Month SG/Round | GJ3: 2 | GK3: L8 Months SG/Round | GL3: -0.245245 | GM3: 0.67860279 | GN3: L10 Months Rounds | GO3: L12Month SG/Round | GP3: 2 | GQ3: L18 Months SG/Round | GR3: -0.14738443 | GS3: 0.61222927 | GT3: L18 Months Rounds | GU3: Field Strength | GV3: DK | GW3: FD | GX3: Win Prob | GY3: Top 5 Prob | GZ3: Top 10 Prob | HA3: Win Odds | HB3: Top 5 Odds | HC3: Top 10 Odds | HD3: Win Value | HE3: Top 5 Value | HF3: Top 10 Value | HG3: Manual Adj | HH3: Golfer Rank | HI3: Noto Rating | HJ3: Salary | HK3: pOWN% | HL3: Rank +/- | HM3: Noto Rat / $ | HN3: Salary | HO3: pOWN% | HP3: Rank +/- | HQ3: Noto Rat / $
A4: Ben Kohles | B4: 55 | C4: 550 | D4: 240 | E4: 104 | F4: 81.25 | G4: 0.3 | H4: 31 | I4: 0.75334115 | J4: 77.437753 | K4: 0.23 | L4: 30 | M4: 0.71590314 | N4: 76.297442 | O4: 0.2 | P4: 33 | Q4: 0.71203597 | R4: 76.177875 | S4: 89.8 | T4: 5 | U4: 1.7659174 | V4: 96.129515 | W4: 89.1 | X4: 2 | Y4: 2.1414473 | Z4: 98.388101 | AA4: 88.8 | AB4: 1 | AC4: 2.2723548 | AD4: 98.846746 | AE4: 0.81 | AF4: 8 | AG4: 1.4830775 | AH4: 93.097309 | AI4: 0.74 | AJ4: 2 | AK4: 1.692888 | AL4: 95.47616 | AM4: 0.81 | AN4: 1 | AO4: 1.8743248 | AP4: 96.955716 | AT4: 95.47616 | AX4: 95.47616 | BB4: 95.47616 | BC4: 0.08 | BD4: 45 | BE4: 0.2994782 | BF4: 61.77124 | BG4: 0.01 | BH4: 59 | BI4: 0.045539768 | BJ4: 51.816146 | BK4: 0.09 | BL4: 36 | BM4: 0.42808663 | BN4: 66.570598 | BO4: 0.49 | BP4: 20 | BQ4: 1.0614825 | BR4: 85.576466 | BS4: 0.22 | BT4: 35 | BU4: 0.68680534 | BV4: 75.38973 | BW4: -0.01 | BX4: 60 | BY4: 0.11171691 | BZ4: 54.447607 | CA4: -0.79 | CB4: 115 | CC4: -1.1693659 | CD4: 12.112813 | CE4: 0.8 | CF4: 15 | CG4: 1.0347456 | CH4: 84.960614 | CI4: 0.66 | CJ4: 21 | CK4: 0.8944593 | CL4: 81.44619 | CM4: 0.54 | CN4: 23 | CO4: 0.84660144 | CP4: 80.139134 | CQ4: 24.8 | CR4: 13 | CS4: 1.2081142 | CT4: 88.649833 | CU4: 23.8 | CV4: 8 | CW4: 1.358909 | CX4: 91.291228 | CY4: 23.6 | CZ4: 10 | DA4: 1.0288486 | DB4: 84.822459 | DC4: 88.9 | DD4: 5 | DE4: 1.4953696 | DF4: 93.259099 | DG4: 88 | DH4: 7 | DI4: 1.5380501 | DJ4: 93.798182 | DK4: 87.5 | DL4: 6 | DM4: 1.3474758 | DN4: 91.108647 | DQ4: 0 | DT4: 0 | DW4: 0 | DX4: #N/A | DY4: #N/A | DZ4: #N/A | EA4: #N/A | EB4: #N/A | EH4: -0.5 | EI4: #DIV/0! | EJ4: 0 | EK4: 0 | EL4: #DIV/0! | EM4: 0 | EN4: 0 | EO4: #DIV/0! | EP4: 0 | EQ4: 10 | ER4: 2.5 | ES4: #DIV/0! | ET4: 0 | EU4: 0 | EV4: 0.14 | EW4: -0.16043274 | EX4: -0.16043274 | EY4: 43.62701 | EZ4: 0 | FA4: #DIV/0! | FB4: #DIV/0! | FC4: 30 | FD4: 36/51 | FE4: 27 | FH4: 23 | FI4: 63 | FJ4: 29 | FK4: 26 | FL4: 9 | FN4: 15 | FO4: 51 | FP4: 0.70588235 | FQ4: 36 | FR4: 0.78690941 | FS4: 78.433255 | FT4: 0.47058824 | FU4: 1.5143878 | FV4: 93.503624 | FW4: 0.15686275 | FX4: 0.56403022 | FY4: 71.363322 | FZ4: 0.058823529 | GA4: -0.05043695 | GB4: 47.98871 | GC4: 1.4805751 | GD4: 0.88 | GE4: 1.1802875 | GF4: 1.6113298 | GG4: 94.644607 | GH4: 56 | GI4: 1.2400364 | GJ4: 0.4 | GK4: 0.82001819 | GL4: 1.569789 | GM4: 94.17679 | GN4: 91 | GO4: 0.69690593 | GP4: 0.23 | GQ4: 0.46345297 | GR4: 0.99772655 | GS4: 84.079401 | GT4: 171 | GU4: 32.258065 | GV4: 27 | GW4: 25 | GX4: 0.0294 | GY4: 0.15585 | GZ4: 0.29405 | HA4: 55 | HB4: 550 | HC4: 240 | HD4: 0.011542857 | HE4: 0.12481923 | HF4: 0.18841471 | HH4: =IFERROR(RANK(HI4,HI$4:HI$1100),"") -> 5 | HI4: =IFERROR(((J4*G$1)+(N4*K$1)+(R4*O$1)+(V4*S$1)+(Z4*W$1)+(AD4*AA$1)+(AH4*AE$1)+(AL4*AI$1)+(AP4*AM$1)+(AT4*AQ$1)+(AX4*AU$1)+(BB4*AY$1)+(BF4*BC$1)+(BJ4*BG$1)+(BN4*BK$1)+(BR4*BO$1)+(BV4*BS$1)+(BZ4*BW$1)+(CD4*CA$1)+(CH4*CE$1)+(CL4*CI$1)+(CP4*CM$1)+(CT4*CQ$1)+(CX4*CU$1)+(DB4*CY$1)+(DF4*DC$1)+(DJ4*DG$1)+(DN4*DK$1)+(DQ4*DO$1)+(DT4*DR$1)+(DW4*DU$1)+(EU4*EU$1)+(EY4*EV$1)+(FC4*EZ$1)+(FS4*FP$1)+(GB4*FZ$1)+(FY4*FW$1)+(FV4*FT$1)+(GG4*GE$1)+(GM4*GK$1)+(GS4*GQ$1)+(GU4*GU$1))*(1+HG4),"") -> 79.793705 | HJ4: 7700 | HK4: 0.0957 | HL4: =IFERROR(GV4-HH4,"") -> 22 | HM4: =IFERROR(HI4/(HJ4/1000),0) -> 10.362819 | HN4: 9600 | HO4: 0.1071 | HP4: =GW4-HH4 -> 20 | HQ4: =HI4/(HN4/1000) -> 8.3118443
A5: Davis Chatfield | B5: 170 | C5: 1175 | D5: 470 | E5: 55 | F5: 42.96875 | G5: -0.51 | H5: 101 | I5: -1.1528265 | J5: 12.449081 | K5: -0.44 | L5: 98 | M5: -0.9341077 | N5: 17.512417 | O5: -0.37 | P5: 99 | Q5: -0.82593979 | R5: 20.441912 | S5: 90.5 | T5: 2 | U5: 1.9478844 | V5: 97.42856 | W5: 86.1 | X5: 10 | Y5: 1.3463877 | Z5: 91.091125 | AA5: 84.4 | AB5: 19 | AC5: 0.95664136 | AD5: 83.062585 | AE5: 0.94 | AF5: 3 | AG5: 1.7145161 | AH5: 95.678301 | AI5: 0.47 | AJ5: 12 | AK5: 1.1406799 | AL5: 87.299843 | AM5: 0.22 | AN5: 33 | AO5: 0.63904841 | AP5: 73.860428 | AT5: 87.299843 | AX5: 87.299843 | BB5: 87.299843 | BC5: 0.07 | BD5: 48 | BE5: 0.26364051 | BF5: 60.397153 | BG5: -0.05 | BH5: 74 | BI5: -0.17104175 | BJ5: 43.209547 | BK5: 0.04 | BL5: 50 | BM5: 0.24816223 | BN5: 59.799556 | BO5: 0.44 | BP5: 23 | BQ5: 0.95874985 | BR5: 83.115761 | BS5: 0.32 | BT5: 25 | BU5: 0.94556202 | BV5: 82.781399 | BW5: 0.06 | BX5: 53 | BY5: 0.2985965 | BZ5: 61.737603 | CA5: -0.25 | CB5: 83 | CC5: -0.28755735 | CD5: 38.68428 | CE5: 1.99 | CF5: 2 | CG5: 2.2995348 | CH5: 98.926271 | CI5: 0.89 | CJ5: 15 | CK5: 1.3162997 | CL5: 90.596327 | CM5: 1.48 | CN5: 2 | CO5: 1.9393224 | CP5: 97.376895 | CQ5: 25.5 | CR5: 5 | CS5: 1.4967756 | CT5: 93.277417 | CU5: 21.8 | CV5: 40 | CW5: 0.43453264 | CX5: 66.804915 | CY5: 20.9 | CZ5: 89 | DA5: -0.38613267 | DB5: 34.969921 | DC5: 88.2 | DD5: 11 | DE5: 1.2375042 | DF5: 89.205002 | DG5: 86.8 | DH5: 12 | DI5: 1.0591676 | DJ5: 85.523828 | DK5: 86.2 | DL5: 24 | DM5: 0.73049969 | DN5: 76.74576 | DQ5: 0 | DT5: 0 | DW5: 0 | DX5: #N/A | DY5: #N/A | DZ5: #N/A | EA5: #N/A | EB5: #N/A | EH5: -0.5 | EI5: #DIV/0! | EJ5: 0 | EK5: 0 | EL5: #DIV/0! | EM5: 0 | EN5: 0 | EO5: #DIV/0! | EP5: 0 | EQ5: 10 | ER5: 2.5 | ES5: #DIV/0! | ET5: 0 | EU5: 0 | EV5: 0.448 | EW5: 0.26275074 | EX5: 0.26275074 | EY5: 60.362865 | EZ5: 0 | FA5: #DIV/0! | FB5: #DIV/0! | FC5: 30 | FD5: 26/44 | FJ5: 25 | FK5: MC | FL5: 16 | FM5: 34 | FN5: 5 | FO5: 44 | FP5: 0.59090909 | FQ5: 26 | FR5: 0.12124335 | FS5: 54.825085 | FT5: 0.45454545 | FU5: 1.3894238 | FV5: 91.764804 | FW5: 0.18181818 | FX5: 0.91682121 | FY5: 82.038183 | FZ5: 0.11363636 | GA5: 1.0610635 | GB5: 85.566949 | GC5: 0.81110763 | GD5: 0.51 | GE5: 0.66055381 | GF5: 0.99924957 | GG5: 84.11631 | GH5: 28 | GI5: 0.066823078 | GJ5: -0.18 | GK5: -0.056588461 | GL5: 0.27800732 | GM5: 60.949663 | GN5: 58 | GO5: 0.61829405 | GP5: -0.5 | GQ5: 0.059147024 | GR5: 0.33734332 | GS5: 63.207095 | GT5: 140 | GU5: 12.096774 | GV5: 65 | GW5: 65 | GX5: 0.0096 | GY5: 0.0655 | GZ5: 0.1394 | HA5: 170 | HB5: 1175 | HC5: 470 | HD5: 0.0037520468 | HE5: 0.05312549 | HF5: 0.089545614 | HH5: =IFERROR(RANK(HI5,HI$4:HI$1100),"") -> 22 | HI5: =IFERROR(((J5*G$1)+(N5*K$1)+(R5*O$1)+(V5*S$1)+(Z5*W$1)+(AD5*AA$1)+(AH5*AE$1)+(AL5*AI$1)+(AP5*AM$1)+(AT5*AQ$1)+(AX5*AU$1)+(BB5*AY$1)+(BF5*BC$1)+(BJ5*BG$1)+(BN5*BK$1)+(BR5*BO$1)+(BV5*BS$1)+(BZ5*BW$1)+(CD5*CA$1)+(CH5*CE$1)+(CL5*CI$1)+(CP5*CM$1)+(CT5*CQ$1)+(CX5*CU$1)+(DB5*CY$1)+(DF5*DC$1)+(DJ5*DG$1)+(DN5*DK$1)+(DQ5*DO$1)+(DT5*DR$1)+(DW5*DU$1)+(EU5*EU$1)+(EY5*EV$1)+(FC5*EZ$1)+(FS5*FP$1)+(GB5*FZ$1)+(FY5*FW$1)+(FV5*FT$1)+(GG5*GE$1)+(GM5*GK$1)+(GS5*GQ$1)+(GU5*GU$1))*(1+HG5),"") -> 66.527795 | HJ5: 6800 | HK5: 0.015 | HL5: =IFERROR(GV5-HH5,"") -> 43 | HM5: =IFERROR(HI5/(HJ5/1000),0) -> 9.7834992 | HN5: 8200 | HO5: 0.0167 | HP5: =GW5-HH5 -> 43 | HQ5: =HI5/(HN5/1000) -> 8.1131457
A6: Lee Hodges | B6: 90 | C6: 750 | D6: 320 | E6: 84 | F6: 65.625 | G6: 0.41 | H6: 17 | I6: 1.0122034 | J6: 84.42796 | K6: 0.31 | L6: 22 | M6: 0.91291936 | N6: 81.935752 | O6: 0.25 | P6: 26 | Q6: 0.84694613 | R6: 80.148742 | S6: 85.7 | T6: 31 | U6: 0.70011047 | V6: 75.807084 | W6: 83.8 | X6: 29 | Y6: 0.73684208 | Z6: 76.939081 | AA6: 83.3 | AB6: 33 | AC6: 0.62771299 | AD6: 73.490401 | AE6: 0.09 | AF6: 54 | AG6: 0.2012637 | AH6: 57.975381 | AI6: 0.12 | AJ6: 44 | AK6: 0.4248547 | AL6: 66.45287 | AM6: 0.08 | AN6: 50 | AO6: 0.34593199 | AP6: 63.530309 | AT6: 66.45287 | AX6: 66.45287 | BB6: 66.45287 | BC6: -0.18 | BD6: 94 | BE6: -0.63230174 | BF6: 26.359486 | BG6: -0.28 | BH6: 108 | BI6: -1.0012709 | BJ6: 15.834792 | BK6: -0.17 | BL6: 95 | BM6: -0.50752025 | BN6: 30.589492 | BO6: 0.38 | BP6: 29 | BQ6: 0.83547064 | BR6: 79.827362 | BS6: 0.08 | BT6: 49 | BU6: 0.324546 | BV6: 62.723765 | BW6: 0.17 | BX6: 37 | BY6: 0.59226442 | BZ6: 72.316323 | CA6: -0.03 | CB6: 65 | CC6: 0.071697974 | CD6: 52.857887 | CE6: 1.24 | CF6: 10 | CG6: 1.5023988 | CH6: 93.350292 | CI6: 0.68 | CJ6: 19 | CK6: 0.93114108 | CL6: 82.41097 | CM6: 0.93 | CN6: 14 | CO6: 1.2999644 | CP6: 90.319341 | CQ6: 24.4 | CR6: 20 | CS6: 1.0431649 | CT6: 85.156403 | CU6: 22 | CV6: 36 | CW6: 0.52697027 | CX6: 70.089288 | CY6: 22.6 | CZ6: 35 | DA6: 0.50478147 | DB6: 69.314383 | DC6: 88.3 | DD6: 9 | DE6: 1.2743421 | DF6: 89.87289 | DG6: 85.3 | DH6: 41 | DI6: 0.46056455 | DJ6: 67.744448 | DK6: 86.7 | DL6: 17 | DM6: 0.96779818 | DN6: 83.342741 | DQ6: 0 | DT6: 0 | DW6: 0 | DX6: #N/A | DY6: #N/A | DZ6: #N/A | EA6: #N/A | EB6: #N/A | EH6: -0.5 | EI6: #DIV/0! | EJ6: 0 | EK6: 0 | EL6: #DIV/0! | EM6: 0 | EN6: 0 | EO6: #DIV/0! | EP6: 0 | EQ6: 10 | ER6: 2.5 | ES6: #DIV/0! | ET6: 0 | EU6: 0 | EV6: 0.38 | EW6: 0.16932062 | EX6: 0.16932062 | EY6: 56.722777 | EZ6: 0 | FA6: #DIV/0! | FB6: #DIV/0! | FC6: 30 | FD6: 27/42 | FJ6: 72 | FK6: MC | FL6: 20 | FN6: MC | FO6: 42 | FP6: 0.64285714 | FQ6: 27 | FR6: 0.42200941 | FS6: 66.349093 | FT6: 0.30952381 | FU6: 0.2597889 | FV6: 60.248669 | FW6: 0.16666667 | FX6: 0.70262668 | FY6: 75.885578 | FZ6: 0.047619048 | GA6: -0.27764263 | GB6: 39.064335 | GC6: 0.58370919 | GD6: 0.42 | GE6: 0.50185459 | GF6: 0.81235261 | GG6: 79.170533 | GH6: 24 | GI6: 0.29236502 | GJ6: 0.14 | GK6: 0.21618251 | GL6: 0.67996702 | GM6: 75.173733 | GN6: 59 | GO6: 0.36853179 | GP6: 0.09 | GQ6: 0.2292659 | GR6: 0.61521124 | GS6: 73.079239 | GT6: 139 | GU6: 66.129032 | GV6: 39 | GW6: 43 | GX6: 0.0174 | GY6: 0.0965 | GZ6: 0.19115 | HA6: 90 | HB6: 750 | HC6: 320 | HD6: 0.006410989 | HE6: 0.061738235 | HF6: 0.099140476 | HH6: =IFERROR(RANK(HI6,HI$4:HI$1100),"") -> 15 | HI6: =IFERROR(((J6*G$1)+(N6*K$1)+(R6*O$1)+(V6*S$1)+(Z6*W$1)+(AD6*AA$1)+(AH6*AE$1)+(AL6*AI$1)+(AP6*AM$1)+(AT6*AQ$1)+(AX6*AU$1)+(BB6*AY$1)+(BF6*BC$1)+(BJ6*BG$1)+(BN6*BK$1)+(BR6*BO$1)+(BV6*BS$1)+(BZ6*BW$1)+(CD6*CA$1)+(CH6*CE$1)+(CL6*CI$1)+(CP6*CM$1)+(CT6*CQ$1)+(CX6*CU$1)+(DB6*CY$1)+(DF6*DC$1)+(DJ6*DG$1)+(DN6*DK$1)+(DQ6*DO$1)+(DT6*DR$1)+(DW6*DU$1)+(EU6*EU$1)+(EY6*EV$1)+(FC6*EZ$1)+(FS6*FP$1)+(GB6*FZ$1)+(FY6*FW$1)+(FV6*FT$1)+(GG6*GE$1)+(GM6*GK$1)+(GS6*GQ$1)+(GU6*GU$1))*(1+HG6),"") -> 71.187314 | HJ6: 7300 | HK6: 0.0391 | HL6: =IFERROR(GV6-HH6,"") -> 24 | HM6: =IFERROR(HI6/(HJ6/1000),0) -> 9.7516869 | HN6: 8800 | HO6: 0.0311 | HP6: =GW6-HH6 -> 28 | HQ6: =HI6/(HN6/1000) -> 8.0894675
A7: Zac Blair | B7: 80 | C7: 750 | D7: 320 | E7: 88 | F7: 68.75 | G7: -0.64 | H7: 105 | I7: -1.4587546 | J7: 7.2316332 | K7: -0.52 | L7: 107 | M7: -1.1311239 | N7: 12.900147 | O7: -0.33 | P7: 96 | Q7: -0.71801167 | R7: 23.637505 | S7: 85.1 | T7: 43 | U7: 0.54413872 | V7: 70.682699 | W7: 84.6 | X7: 20 | Y7: 0.94885796 | Z7: 82.865357 | AA7: 86.5 | AB7: 5 | AC7: 1.5845955 | AD7: 94.347087 | AE7: 0.77 | AF7: 10 | AG7: 1.4118656 | AH7: 92.100524 | AI7: 0.6 | AJ7: 4 | AK7: 1.4065579 | AL7: 92.022073 | AM7: 0.76 | AN7: 2 | AO7: 1.7696403 | AP7: 96.160646 | AT7: 92.022073 | AX7: 92.022073 | BB7: 92.022073 | BC7: 0.36 | BD7: 11 | BE7: 1.3029335 | BF7: 90.370127 | BG7: 0.13 | BH7: 33 | BI7: 0.47870281 | BJ7: 68.392497 | BK7: 0.04 | BL7: 50 | BM7: 0.24816223 | BN7: 59.799556 | BO7: 0.87 | BP7: 3 | BQ7: 1.8422508 | BR7: 96.728077 | BS7: 0.34 | BT7: 24 | BU7: 0.99731336 | BV7: 84.069378 | BW7: 0.13 | BX7: 46 | BY7: 0.48547609 | BZ7: 68.633066 | CA7: 0.44 | CB7: 20 | CC7: 0.83919799 | CD7: 79.932089 | CE7: -0.04 | CF7: 58 | CG7: 0.14195326 | CH7: 55.644154 | CI7: -0.28 | CJ7: 98 | CK7: -0.8295841 | CL7: 20.338699 | CM7: -0.49 | CN7: 80 | CO7: -0.35074169 | CP7: 36.289107 | CQ7: 22.7 | CR7: 45 | CS7: 0.34213012 | CT7: 63.387351 | CU7: 21.9 | CV7: 37 | CW7: 0.48075146 | CX7: 68.465342 | CY7: 23.4 | CZ7: 18 | DA7: 0.92403519 | DB7: 82.2266 | DC7: 88.1 | DD7: 12 | DE7: 1.2006663 | DF7: 88.505966 | DG7: 85.9 | DH7: 27 | DI7: 0.70000578 | DJ7: 75.803815 | DK7: 86.6 | DL7: 18 | DM7: 0.92033848 | DN7: 82.130205 | DQ7: 0 | DT7: 0 | DW7: 0 | DX7: #N/A | DY7: #N/A | DZ7: #N/A | EA7: #N/A | EB7: #N/A | EH7: -0.5 | EI7: #DIV/0! | EJ7: 0 | EK7: 0 | EL7: #DIV/0! | EM7: 0 | EN7: 0 | EO7: #DIV/0! | EP7: 0 | EQ7: 10 | ER7: 2.5 | ES7: #DIV/0! | ET7: 0 | EU7: 0 | EV7: 0.44 | EW7: 0.25175896 | EX7: 0.25175896 | EY7: 59.938631 | EZ7: 0 | FA7: #DIV/0! | FB7: #DIV/0! | FC7: 30 | FD7: 30/46 | FE7: MC | FH7: MC | FI7: 4 | FJ7: MC | FK7: 50 | FL7: 13 | FN7: 8 | FO7: 46 | FP7: 0.65217391 | FQ7: 30 | FR7: 0.47595115 | FS7: 68.294541 | FT7: 0.39130435 | FU7: 0.89681206 | FV7: 81.50904 | FW7: 0.19565217 | FX7: 1.1123901 | FY7: 86.701478 | FZ7: 0.065217391 | GA7: 0.079218462 | GB7: 53.157057 | GC7: 1.22558 | GD7: 0.83 | GE7: 1.02779 | GF7: 1.4317364 | GG7: 92.389037 | GH7: 48 | GI7: 1.043823 | GJ7: 0.28 | GK7: 0.66191149 | GL7: 1.3368004 | GM7: 90.93561 | GN7: 84 | GO7: 0.6939892 | GP7: 0.26 | GQ7: 0.4769946 | GR7: 1.0198451 | GS7: 84.609904 | GT7: 153 | GU7: 26.612903 | GV7: 39 | GW7: 49 | GX7: 0.01305 | GY7: 0.0767 | GZ7: 0.1628 | HA7: 80 | HB7: 750 | HC7: 320 | HD7: 0.00070432099 | HE7: 0.033388235 | HF7: 0.050140476 | HH7: =IFERROR(RANK(HI7,HI$4:HI$1100),"") -> 20 | HI7: =IFERROR(((J7*G$1)+(N7*K$1)+(R7*O$1)+(V7*S$1)+(Z7*W$1)+(AD7*AA$1)+(AH7*AE$1)+(AL7*AI$1)+(AP7*AM$1)+(AT7*AQ$1)+(AX7*AU$1)+(BB7*AY$1)+(BF7*BC$1)+(BJ7*BG$1)+(BN7*BK$1)+(BR7*BO$1)+(BV7*BS$1)+(BZ7*BW$1)+(CD7*CA$1)+(CH7*CE$1)+(CL7*CI$1)+(CP7*CM$1)+(CT7*CQ$1)+(CX7*CU$1)+(DB7*CY$1)+(DF7*DC$1)+(DJ7*DG$1)+(DN7*DK$1)+(DQ7*DO$1)+(DT7*DR$1)+(DW7*DU$1)+(EU7*EU$1)+(EY7*EV$1)+(FC7*EZ$1)+(FS7*FP$1)+(GB7*FZ$1)+(FY7*FW$1)+(FV7*FT$1)+(GG7*GE$1)+(GM7*GK$1)+(GS7*GQ$1)+(GU7*GU$1))*(1+HG7),"") -> 67.96117 | HJ7: 7300 | HK7: 0.1074 | HL7: =IFERROR(GV7-HH7,"") -> 19 | HM7: =IFERROR(HI7/(HJ7/1000),0) -> 9.3097494 | HN7: 8600 | HO7: 0.1265 | HP7: =GW7-HH7 -> 29 | HQ7: =HI7/(HN7/1000) -> 7.9024617
A8: Zachary Bauchou | B8: 66 | C8: 700 | D8: 250 | E8: 92 | F8: 71.875 | G8: 0.05 | H8: 57 | I8: 0.16501781 | J8: 56.553502 | K8: 0.07 | L8: 51 | M8: 0.3218707 | N8: 62.622467 | O8: -0.07 | P8: 65 | Q8: -0.016478864 | R8: 49.342618 | S8: 81 | T8: 75 | U8: -0.52166822 | V8: 30.095068 | W8: 80.3 | X8: 71 | Y8: -0.1907274 | Z8: 42.436958 | AA8: 79.6 | AB8: 88 | AC8: -0.4786824 | AD8: 31.608229 | AE8: 0.08 | AF8: 55 | AG8: 0.18346073 | AH8: 57.278174 | AI8: 0.26 | AJ8: 27 | AK8: 0.71118479 | AL8: 76.151513 | AM8: 0.26 | AN8: 25 | AO8: 0.72279596 | AP8: 76.509738 | AT8: 76.151513 | AX8: 76.151513 | BB8: 76.151513 | BC8: -0.17 | BD8: 92 | BE8: -0.59646405 | BF8: 27.543263 | BG8: 0.04 | BH8: 53 | BI8: 0.15383053 | BJ8: 56.112832 | BK8: 0.08 | BL8: 43 | BM8: 0.39210175 | BN8: 65.250848 | BO8: 0.55 | BP8: 14 | BQ8: 1.1847617 | BR8: 88.194417 | BS8: 0.25 | BT8: 28 | BU8: 0.76443235 | BV8: 77.769518 | BW8: 0.21 | BX8: 33 | BY8: 0.69905276 | BZ8: 75.774047 | CA8: -0.16 | CB8: 76 | CC8: -0.14058926 | CD8: 44.409721 | CE8: 1.38 | CF8: 7 | CG8: 1.6511975 | CH8: 95.065087 | CI8: 1.05 | CJ8: 10 | CK8: 1.6097539 | CL8: 94.62742 | CM8: 0.95 | CN8: 12 | CO8: 1.3232138 | CP8: 90.711785 | CQ8: 25.3 | CR8: 7 | CS8: 1.4143009 | CT8: 92.136322 | CU8: 23.9 | CV8: 7 | CW8: 1.4051278 | CX8: 92.000836 | CY8: 23.5 | CZ8: 15 | DA8: 0.9764419 | DB8: 83.557724 | DC8: 86.6 | DD8: 32 | DE8: 0.64809755 | DF8: 74.153907 | DG8: 86.1 | DH8: 19 | DI8: 0.77981953 | DJ8: 78.225144 | DK8: 86.3 | DL8: 22 | DM8: 0.77795939 | DN8: 78.170352 | DQ8: 0 | DT8: 0 | DW8: 0 | DX8: #N/A | DY8: #N/A | DZ8: #N/A | EA8: #N/A | EB8: #N/A | EH8: -0.5 | EI8: #DIV/0! | EJ8: 0 | EK8: 0 | EL8: #DIV/0! | EM8: 0 | EN8: 0 | EO8: #DIV/0! | EP8: 0 | EQ8: 10 | ER8: 2.5 | ES8: #DIV/0! | ET8: 0 | EU8: 0 | EV8: 0.648 | EW8: 0.53754521 | EX8: 0.53754521 | EY8: 70.455447 | EZ8: 0 | FA8: #DIV/0! | FB8: #DIV/0! | FC8: 30 | FD8: 31/45 | FJ8: 14 | FK8: MC | FL8: 44 | FM8: 9 | FN8: MC | FO8: 45 | FP8: 0.68888889 | FQ8: 31 | FR8: 0.68852156 | FS8: 75.44378 | FT8: 0.46666667 | FU8: 1.483841 | FV8: 93.107445 | FW8: 0.22222222 | FX8: 1.4880066 | FY8: 93.162543 | FZ8: 0.11111111 | GA8: 1.0098562 | GB8: 84.371791 | GC8: 0.91785696 | GD8: 0.18 | GE8: 0.54892848 | GF8: 0.8677906 | GG8: 80.724551 | GH8: 30 | GI8: 0.68065907 | GJ8: 0.59 | GK8: 0.63532954 | GL8: 1.2976288 | GM8: 90.279254 | GN8: 74 | GO8: 0.75308123 | GP8: 0.31 | GQ8: 0.53154061 | GR8: 1.1089392 | GS8: 86.62718 | GT8: 155 | GU8: 18.548387 | GV8: 32 | GW8: 37 | GX8: 0.0137 | GY8: 0.084 | GZ8: 0.1785 | HA8: 66 | HB8: 700 | HC8: 250 | HD8: -0.0012253731 | HE8: 0.041 | HF8: 0.024628571 | HH8: =IFERROR(RANK(HI8,HI$4:HI$1100),"") -> 17 | HI8: =IFERROR(((J8*G$1)+(N8*K$1)+(R8*O$1)+(V8*S$1)+(Z8*W$1)+(AD8*AA$1)+(AH8*AE$1)+(AL8*AI$1)+(AP8*AM$1)+(AT8*AQ$1)+(AX8*AU$1)+(BB8*AY$1)+(BF8*BC$1)+(BJ8*BG$1)+(BN8*BK$1)+(BR8*BO$1)+(BV8*BS$1)+(BZ8*BW$1)+(CD8*CA$1)+(CH8*CE$1)+(CL8*CI$1)+(CP8*CM$1)+(CT8*CQ$1)+(CX8*CU$1)+(DB8*CY$1)+(DF8*DC$1)+(DJ8*DG$1)+(DN8*DK$1)+(DQ8*DO$1)+(DT8*DR$1)+(DW8*DU$1)+(EU8*EU$1)+(EY8*EV$1)+(FC8*EZ$1)+(FS8*FP$1)+(GB8*FZ$1)+(FY8*FW$1)+(FV8*FT$1)+(GG8*GE$1)+(GM8*GK$1)+(GS8*GQ$1)+(GU8*GU$1))*(1+HG8),"") -> 70.229804 | HJ8: 7500 | HK8: 0.0994 | HL8: =IFERROR(GV8-HH8,"") -> 15 | HM8: =IFERROR(HI8/(HJ8/1000),0) -> 9.3639738 | HN8: 9000 | HO8: 0.0666 | HP8: =GW8-HH8 -> 20 | HQ8: =HI8/(HN8/1000) -> 7.8033115
A9: Jackson Suber | B9: 45 | C9: 500 | D9: 230 | E9: 112 | F9: 87.5 | G9: 0.28 | H9: 37 | I9: 0.70627528 | J9: 75.999152 | K9: 0.21 | L9: 34 | M9: 0.66664908 | N9: 74.750185 | O9: 0.12 | P9: 43 | Q9: 0.49617972 | R9: 69.011619 | S9: 86.3 | T9: 25 | U9: 0.85608222 | V9: 80.402385 | W9: 85.2 | X9: 13 | Y9: 1.1078699 | Z9: 86.604099 | AA9: 84.7 | AB9: 17 | AC9: 1.0463491 | AD9: 85.230006 | AE9: 0.43 | AF9: 24 | AG9: 0.80656467 | AH9: 79.004133 | AI9: 0.52 | AJ9: 9 | AK9: 1.2429407 | AL9: 89.305515 | AM9: 0.3 | AN9: 21 | AO9: 0.80654351 | AP9: 79.003523 | AT9: 89.305515 | AX9: 89.305515 | BB9: 89.305515 | BC9: 0.39 | BD9: 8 | BE9: 1.4104466 | BF9: 92.079607 | BG9: 0.23 | BH9: 16 | BI9: 0.83967201 | BJ9: 79.945385 | BK9: 0.05 | BL9: 46 | BM9: 0.28414711 | BN9: 61.185118 | BO9: -0.04 | BP9: 62 | BQ9: -0.027483802 | BR9: 48.903693 | BS9: -0.12 | BT9: 71 | BU9: -0.19296736 | BV9: 42.349227 | BW9: -0.07 | BX9: 65 | BY9: -0.048465592 | BZ9: 48.067259 | CA9: 0.58 | CB9: 16 | CC9: 1.067815 | CD9: 85.719802 | CE9: 2.06 | CF9: 1 | CG9: 2.3739342 | CH9: 99.120016 | CI9: 1.67 | CJ9: 1 | CK9: 2.7468889 | CL9: 99.699182 | CM9: 1.37 | CN9: 4 | CO9: 1.8114508 | CP9: 96.496445 | CQ9: 25.2 | CR9: 8 | CS9: 1.3730636 | CT9: 91.513371 | CU9: 24.3 | CV9: 4 | CW9: 1.590003 | CX9: 94.408294 | CY9: 24.1 | CZ9: 5 | DA9: 1.2908822 | DB9: 90.162773 | DC9: 85.9 | DD9: 44 | DE9: 0.39023215 | DF9: 65.181755 | DG9: 86 | DH9: 24 | DI9: 0.73991266 | DJ9: 77.03235 | DK9: 85.9 | DL9: 33 | DM9: 0.58812059 | DN9: 72.177432 | DQ9: 0 | DT9: 0 | DW9: 0 | DX9: #N/A | DY9: #N/A | DZ9: #N/A | EA9: #N/A | EB9: #N/A | EH9: -0.5 | EI9: #DIV/0! | EJ9: 0 | EK9: 0 | EL9: #DIV/0! | EM9: 0 | EN9: 0 | EO9: #DIV/0! | EP9: 0 | EQ9: 10 | ER9: 2.5 | ES9: #DIV/0! | ET9: 0 | EU9: 0 | EV9: 0.19 | EW9: -0.091734122 | EX9: -0.091734122 | EY9: 46.345464 | EZ9: 0 | FA9: #DIV/0! | FB9: #DIV/0! | FC9: 30 | FD9: 26/46 | FJ9: 22 | FK9: 50 | FL9: MC | FM9: 28 | FO9: 46 | FP9: 0.56521739 | FQ9: 26 | FR9: -0.027505085 | FS9: 48.902844 | FT9: 0.30434783 | FU9: 0.21947098 | FV9: 58.685841 | FW9: 0.17391304 | FX9: 0.80506754 | FY9: 78.960965 | FZ9: 0.15217391 | GA9: 1.8425321 | GB9: 96.730132 | GC9: 1.0551821 | GD9: 1.13 | GE9: 1.0925911 | GF9: 1.5080514 | GG9: 93.422931 | GH9: 36 | GI9: 0.3637498 | GJ9: 0.73 | GK9: 0.5468749 | GL9: 1.1672806 | GM9: 87.845147 | GN9: 67 | GO9: 0.24033682 | GP9: 0.13 | GQ9: 0.18516841 | GR9: 0.5431835 | GS9: 70.649827 | GT9: 146 | GU9: 54.83871 | GV9: 19 | GW9: 18 | GX9: 0.0525 | GY9: 0.1877 | GZ9: 0.3072 | HA9: 45 | HB9: 500 | HC9: 230 | HD9: 0.03076087 | HE9: 0.12386667 | HF9: 0.14111515 | HH9: =IFERROR(RANK(HI9,HI$4:HI$1100),"") -> 7 | HI9: =IFERROR(((J9*G$1)+(N9*K$1)+(R9*O$1)+(V9*S$1)+(Z9*W$1)+(AD9*AA$1)+(AH9*AE$1)+(AL9*AI$1)+(AP9*AM$1)+(AT9*AQ$1)+(AX9*AU$1)+(BB9*AY$1)+(BF9*BC$1)+(BJ9*BG$1)+(BN9*BK$1)+(BR9*BO$1)+(BV9*BS$1)+(BZ9*BW$1)+(CD9*CA$1)+(CH9*CE$1)+(CL9*CI$1)+(CP9*CM$1)+(CT9*CQ$1)+(CX9*CU$1)+(DB9*CY$1)+(DF9*DC$1)+(DJ9*DG$1)+(DN9*DK$1)+(DQ9*DO$1)+(DT9*DR$1)+(DW9*DU$1)+(EU9*EU$1)+(EY9*EV$1)+(FC9*EZ$1)+(FS9*FP$1)+(GB9*FZ$1)+(FY9*FW$1)+(FV9*FT$1)+(GG9*GE$1)+(GM9*GK$1)+(GS9*GQ$1)+(GU9*GU$1))*(1+HG9),"") -> 77.478316 | HJ9: 8200 | HK9: 0.172 | HL9: =IFERROR(GV9-HH9,"") -> 12 | HM9: =IFERROR(HI9/(HJ9/1000),0) -> 9.4485751 | HN9: 10000 | HO9: 0.1664 | HP9: =GW9-HH9 -> 11 | HQ9: =HI9/(HN9/1000) -> 7.7478316
A10: Emiliano Grillo | B10: 60 | C10: 550 | D10: 240 | E10: 101 | F10: 78.90625 | G10: 0.32 | H10: 28 | I10: 0.80040701 | J10: 78.826249 | K10: 0.18 | L10: 38 | M10: 0.592768 | N10: 72.333179 | O10: 0.11 | P10: 44 | Q10: 0.46919769 | R10: 68.053583 | S10: 85.7 | T10: 31 | U10: 0.70011047 | V10: 75.807084 | W10: 83.5 | X10: 33 | Y10: 0.65733613 | Z10: 74.451759 | AA10: 83.9 | AB10: 25 | AC10: 0.80712846 | AD10: 79.020376 | AE10: 0.45 | AF10: 22 | AG10: 0.84217061 | AH10: 80.015377 | AI10: 0.21 | AJ10: 35 | AK10: 0.60892405 | AL10: 72.871261 | AM10: 0.26 | AN10: 25 | AO10: 0.72279596 | AP10: 76.509738 | AT10: 72.871261 | AX10: 72.871261 | BB10: 72.871261 | BC10: -0.01 | BD10: 67 | BE10: -0.023061009 | BF10: 49.08008 | BG10: -0.06 | BH10: 76 | BI10: -0.20713867 | BJ10: 41.795078 | BK10: -0.14 | BL10: 88 | BM10: -0.39956561 | BN10: 34.473825 | BO10: 0.7 | BP10: 4 | BQ10: 1.4929597 | BR10: 93.227614 | BS10: -0.02 | BT10: 58 | BU10: 0.065789318 | BV10: 52.622722 | BW10: -0.06 | BX10: 64 | BY10: -0.021768508 | BZ10: 49.131631 | CA10: 0.43 | CB10: 21 | CC10: 0.8228682 | CD10: 79.470853 | CE10: 0.49 | CF10: 26 | CG10: 0.70526273 | CH10: 75.967663 | CI10: 0.62 | CJ10: 24 | CK10: 0.82109575 | CL10: 79.420414 | CM10: 0.24 | CN10: 40 | CO10: 0.49786072 | CP10: 69.070889 | CQ10: 24.7 | CR10: 15 | CS10: 1.1668769 | CT10: 87.836995 | CU10: 22.5 | CV10: 23 | CW10: 0.75806435 | CX10: 77.579377 | CY10: 23 | CZ10: 24 | DA10: 0.71440833 | DB10: 76.251264 | DC10: 86.6 | DD10: 32 | DE10: 0.64809755 | DF10: 74.153907 | DG10: 83.1 | DH10: 85 | DI10: -0.41738663 | DJ10: 33.819782 | DK10: 84.5 | DL10: 66 | DM10: -0.076315196 | DN10: 46.958417 | DQ10: 0 | DT10: 0 | DW10: 0 | DX10: #N/A | DY10: #N/A | DZ10: #N/A | EA10: #N/A | EB10: #N/A | EH10: -0.5 | EI10: #DIV/0! | EJ10: 0 | EK10: 0 | EL10: #DIV/0! | EM10: 0 | EN10: 0 | EO10: #DIV/0! | EP10: 0 | EQ10: 10 | ER10: 2.5 | ES10: #DIV/0! | ET10: 0 | EU10: 0 | EV10: 0.73 | EW10: 0.65021094 | EX10: 0.65021094 | EY10: 74.222201 | EZ10: 0 | FA10: #DIV/0! | FB10: #DIV/0! | FC10: 30 | FD10: 32/47 | FJ10: MC | FK10: 31 | FL10: 7 | FO10: 47 | FP10: 0.68085106 | FQ10: 32 | FR10: 0.64198459 | FS10: 73.95584 | FT10: 0.31914894 | FU10: 0.33476308 | FV10: 63.109809 | FW10: 0.085106383 | FX10: -0.45037791 | FY10: 32.621898 | FZ10: 0.063829787 | GA10: 0.051080479 | GB10: 52.03693 | GC10: 1.0196998 | GD10: 1.36 | GE10: 1.1898499 | GF10: 1.6225912 | GG10: 94.766159 | GH10: 32 | GI10: 0.023649662 | GJ10: 0.21 | GK10: 0.11682483 | GL10: 0.53355194 | GM10: 70.317422 | GN10: 65 | GO10: 0.23894264 | GP10: 0.14 | GQ10: 0.18947132 | GR10: 0.55021177 | GS10: 70.891293 | GT10: 156 | GU10: 76.612903 | GV10: 35 | GW10: 31 | GX10: 0.0283 | GY10: 0.12385 | GZ10: 0.2253 | HA10: 60 | HB10: 550 | HC10: 240 | HD10: 0.011906557 | HE10: 0.056069231 | HF10: 0.063364706 | HH10: =IFERROR(RANK(HI10,HI$4:HI$1100),"") -> 14 | HI10: =IFERROR(((J10*G$1)+(N10*K$1)+(R10*O$1)+(V10*S$1)+(Z10*W$1)+(AD10*AA$1)+(AH10*AE$1)+(AL10*AI$1)+(AP10*AM$1)+(AT10*AQ$1)+(AX10*AU$1)+(BB10*AY$1)+(BF10*BC$1)+(BJ10*BG$1)+(BN10*BK$1)+(BR10*BO$1)+(BV10*BS$1)+(BZ10*BW$1)+(CD10*CA$1)+(CH10*CE$1)+(CL10*CI$1)+(CP10*CM$1)+(CT10*CQ$1)+(CX10*CU$1)+(DB10*CY$1)+(DF10*DC$1)+(DJ10*DG$1)+(DN10*DK$1)+(DQ10*DO$1)+(DT10*DR$1)+(DW10*DU$1)+(EU10*EU$1)+(EY10*EV$1)+(FC10*EZ$1)+(FS10*FP$1)+(GB10*FZ$1)+(FY10*FW$1)+(FV10*FT$1)+(GG10*GE$1)+(GM10*GK$1)+(GS10*GQ$1)+(GU10*GU$1))*(1+HG10),"") -> 71.778661 | HJ10: 7400 | HK10: 0.0737 | HL10: =IFERROR(GV10-HH10,"") -> 21 | HM10: =IFERROR(HI10/(HJ10/1000),0) -> 9.6998191 | HN10: 9300 | HO10: 0.0645 | HP10: =GW10-HH10 -> 17 | HQ10: =HI10/(HN10/1000) -> 7.7181356
A11: Christiaan Bezuidenhout | B11: 50 | C11: 500 | D11: 230 | E11: 108 | F11: 84.375 | G11: -0.32 | H11: 92 | I11: -0.70570072 | J11: 24.018714 | K11: -0.34 | L11: 92 | M11: -0.68783743 | N11: 24.577758 | O11: -0.32 | P11: 95 | Q11: -0.69102964 | R11: 24.477346 | S11: 85.7 | T11: 31 | U11: 0.70011047 | V11: 75.807084 | W11: 82.2 | X11: 48 | Y11: 0.31281032 | Z11: 62.278761 | AA11: 82.1 | AB11: 52 | AC11: 0.26888205 | AD11: 60.598978 | AE11: 0.71 | AF11: 13 | AG11: 1.3050478 | AH11: 90.406172 | AI11: 0.43 | AJ11: 16 | AK11: 1.0588713 | AL11: 85.517081 | AM11: 0.42 | AN11: 10 | AO11: 1.0577862 | AP11: 85.492353 | AT11: 85.517081 | AX11: 85.517081 | BB11: 85.517081 | BC11: 0.06 | BD11: 51 | BE11: 0.22780282 | BF11: 59.010023 | BG11: 0.18 | BH11: 24 | BI11: 0.65918741 | BJ11: 74.511229 | BK11: 0.27 | BL11: 13 | BM11: 1.0758145 | BN11: 85.899488 | BO11: 0.31 | BP11: 34 | BQ11: 0.6916449 | BR11: 75.541982 | BS11: 0.41 | BT11: 17 | BU11: 1.178443 | BV11: 88.068998 | BW11: 0.45 | BX11: 9 | BY11: 1.3397828 | BZ11: 90.984201 | CA11: 0.38 | CB11: 26 | CC11: 0.74121926 | CD11: 77.071975 | CE11: 0.58 | CF11: 22 | CG11: 0.80091905 | CH11: 78.841075 | CI11: 0.73 | CJ11: 18 | CK11: 1.0228455 | CL11: 84.680955 | CM11: 0.7 | CN11: 19 | CO11: 1.0325965 | CP11: 84.910361 | CQ11: 23.2 | CR11: 36 | CS11: 0.54831681 | CT11: 70.826281 | CU11: 21.8 | CV11: 40 | CW11: 0.43453264 | CX11: 66.804915 | CY11: 22.5 | CZ11: 42 | DA11: 0.45237476 | DB11: 67.450049 | DC11: 88.7 | DD11: 7 | DE11: 1.4216938 | DF11: 92.244241 | DG11: 87 | DH11: 10 | DI11: 1.1389814 | DJ11: 87.264454 | DK11: 87.9 | DL11: 4 | DM11: 1.5373146 | DN11: 93.789185 | DQ11: 0 | DT11: 0 | DW11: 0 | DX11: #N/A | DY11: #N/A | DZ11: #N/A | EA11: #N/A | EB11: #N/A | EH11: -0.5 | EI11: #DIV/0! | EJ11: 0 | EK11: 0 | EL11: #DIV/0! | EM11: 0 | EN11: 0 | EO11: #DIV/0! | EP11: 0 | EQ11: 10 | ER11: 2.5 | ES11: #DIV/0! | ET11: 0 | EU11: 0 | EV11: 1.19 | EW11: 1.2822382 | EX11: 1.2822382 | EY11: 90.012045 | EZ11: 0 | FA11: #DIV/0! | FB11: #DIV/0! | FC11: 30 | FD11: 40/50 | FJ11: 38 | FK11: 45 | FL11: 20 | FM11: 69 | FN11: 21 | FO11: 50 | FP11: 0.8 | FQ11: 40 | FR11: 1.3318267 | FS11: 90.854144 | FT11: 0.42 | FU11: 1.1203346 | FV11: 86.87144 | FW11: 0.18 | FX11: 0.89111786 | FY11: 81.356703 | FZ11: 0.06 | GA11: -0.026580354 | GB11: 48.939722 | GC11: 0.83982312 | GD11: 0.41 | GE11: 0.62491156 | GF11: 0.95727439 | GG11: 83.078561 | GH11: 38 | GI11: 0.80132126 | GJ11: 0.4 | GK11: 0.60066063 | GL11: 1.2465402 | GM11: 89.371692 | GN11: 78 | GO11: 0.69822174 | GP11: 0.68 | GQ11: 0.68911087 | GR11: 1.3663105 | GS11: 91.407924 | GT11: 181 | GU11: 79.032258 | GV11: 20 | GW11: 17 | GX11: 0.02055 | GY11: 0.12755 | GZ11: 0.25835 | HA11: 50 | HB11: 500 | HC11: 230 | HD11: 0.00094215686 | HE11: 0.075016667 | HF11: 0.14066515 | HH11: =IFERROR(RANK(HI11,HI$4:HI$1100),"") -> 6 | HI11: =IFERROR(((J11*G$1)+(N11*K$1)+(R11*O$1)+(V11*S$1)+(Z11*W$1)+(AD11*AA$1)+(AH11*AE$1)+(AL11*AI$1)+(AP11*AM$1)+(AT11*AQ$1)+(AX11*AU$1)+(BB11*AY$1)+(BF11*BC$1)+(BJ11*BG$1)+(BN11*BK$1)+(BR11*BO$1)+(BV11*BS$1)+(BZ11*BW$1)+(CD11*CA$1)+(CH11*CE$1)+(CL11*CI$1)+(CP11*CM$1)+(CT11*CQ$1)+(CX11*CU$1)+(DB11*CY$1)+(DF11*DC$1)+(DJ11*DG$1)+(DN11*DK$1)+(DQ11*DO$1)+(DT11*DR$1)+(DW11*DU$1)+(EU11*EU$1)+(EY11*EV$1)+(FC11*EZ$1)+(FS11*FP$1)+(GB11*FZ$1)+(FY11*FW$1)+(FV11*FT$1)+(GG11*GE$1)+(GM11*GK$1)+(GS11*GQ$1)+(GU11*GU$1))*(1+HG11),"") -> 77.613832 | HJ11: 8100 | HK11: 0.0668 | HL11: =IFERROR(GV11-HH11,"") -> 14 | HM11: =IFERROR(HI11/(HJ11/1000),0) -> 9.5819545 | HN11: 10100 | HO11: 0.0891 | HP11: =GW11-HH11 -> 11 | HQ11: =HI11/(HN11/1000) -> 7.6845378
A12: Blades Brown | B12: 40 | C12: 475 | D12: 210 | E12: 113 | F12: 88.28125 | G12: 0.39 | H12: 20 | I12: 0.96513755 | J12: 83.276204 | K12: 0.28 | L12: 23 | M12: 0.83903827 | N12: 79.927608 | O12: 0.17 | P12: 37 | Q12: 0.63108988 | R12: 73.600912 | S12: 90.7 | T12: 1 | U12: 1.999875 | V12: 97.724312 | W12: 85.2 | X12: 13 | Y12: 1.1078699 | Z12: 86.604099 | AA12: 84.8 | AB12: 16 | AC12: 1.0762517 | AD12: 85.909264 | AE12: 0.72 | AF12: 12 | AG12: 1.3228508 | AH12: 90.70575 | AI12: 0.94 | AJ12: 1 | AK12: 2.1019309 | AL12: 98.222034 | AM12: 0.57 | AN12: 5 | AO12: 1.3718395 | AP12: 91.494329 | AT12: 98.222034 | AX12: 98.222034 | BB12: 98.222034 | BC12: 0.05 | BD12: 55 | BE12: 0.19196513 | BF12: 57.611524 | BG12: -0.04 | BH12: 70 | BI12: -0.13494483 | BJ12: 44.632775 | BK12: -0.01 | BL12: 60 | BM12: 0.068237833 | BN12: 52.720184 | BO12: -0.2 | BP12: 77 | BQ12: -0.35622835 | BR12: 36.083478 | BS12: 0.13 | BT12: 44 | BU12: 0.45392433 | BV12: 67.505836 | BW12: 0.2 | BX12: 35 | BY12: 0.67235568 | BZ12: 74.932135 | CA12: 0 | CB12: 55 | CC12: 0.12068734 | CD12: 54.803066 | CE12: 0.99 | CF12: 11 | CG12: 1.2366868 | CH12: 89.18983 | CI12: 1.26 | CJ12: 4 | CK12: 1.9949125 | CL12: 97.697379 | CM12: 1.31 | CN12: 5 | CO12: 1.7417026 | CP12: 95.921975 | CQ12: 23.3 | CR12: 34 | CS12: 0.58955415 | CT12: 72.22552 | CU12: 24.2 | CV12: 6 | CW12: 1.5437842 | CX12: 93.867969 | CY12: 24.6 | CZ12: 3 | DA12: 1.5529158 | DB12: 93.977837 | DC12: 90.6 | DD12: 1 | DE12: 2.1216141 | DF12: 98.306492 | DG12: 90.4 | DH12: 2 | DI12: 2.495815 | DJ12: 99.371659 | DK12: 89.5 | DL12: 2 | DM12: 2.2966698 | DN12: 98.918119 | DQ12: 0 | DT12: 0 | DW12: 0 | DX12: #N/A | DY12: #N/A | DZ12: #N/A | EA12: #N/A | EB12: #N/A | EH12: -0.5 | EI12: #DIV/0! | EJ12: 0 | EK12: 0 | EL12: #DIV/0! | EM12: 0 | EN12: 0 | EO12: #DIV/0! | EP12: 0 | EQ12: 10 | ER12: 2.5 | ES12: #DIV/0! | ET12: 0 | EU12: 0 | EV12: 1.18 | EW12: 1.2684985 | EX12: 1.2684985 | EY12: 89.769001 | EZ12: 0 | FA12: #DIV/0! | FB12: #DIV/0! | FC12: 30 | FD12: 34/46 | FE12: 49 | FH12: 9 | FJ12: MC | FK12: 6 | FL12: 5 | FM12: 11 | FN12: 22 | FO12: 46 | FP12: 0.73913043 | FQ12: 34 | FR12: 0.97940738 | FS12: 83.631063 | FT12: 0.5 | FU12: 1.7434884 | FV12: 95.937583 | FW12: 0.2826087 | FX12: 2.3416805 | FY12: 99.040143 | FZ12: 0.15217391 | GA12: 1.8425321 | GB12: 96.730132 | GC12: 1.4335276 | GD12: 0.25 | GE12: 0.84176381 | GF12: 1.212657 | GG12: 88.736951 | GH12: 50 | GI12: 1.2479207 | GJ12: 0.5 | GK12: 0.87396036 | GL12: 1.649279 | GM12: 95.045476 | GN12: 92 | GO12: 0.82541344 | GP12: 0.22 | GQ12: 0.52270672 | GR12: 1.0945101 | GS12: 86.313435 | GT12: 157 | GU12: 6.4516129 | GV12: 13 | GW12: 13 | GX12: 0.0462 | GY12: 0.19375 | GZ12: 0.32945 | HA12: 40 | HB12: 475 | HC12: 210 | HD12: 0.021809756 | HE12: 0.13814565 | HF12: 0.16588226 | HH12: =IFERROR(RANK(HI12,HI$4:HI$1100),"") -> 4 | HI12: =IFERROR(((J12*G$1)+(N12*K$1)+(R12*O$1)+(V12*S$1)+(Z12*W$1)+(AD12*AA$1)+(AH12*AE$1)+(AL12*AI$1)+(AP12*AM$1)+(AT12*AQ$1)+(AX12*AU$1)+(BB12*AY$1)+(BF12*BC$1)+(BJ12*BG$1)+(BN12*BK$1)+(BR12*BO$1)+(BV12*BS$1)+(BZ12*BW$1)+(CD12*CA$1)+(CH12*CE$1)+(CL12*CI$1)+(CP12*CM$1)+(CT12*CQ$1)+(CX12*CU$1)+(DB12*CY$1)+(DF12*DC$1)+(DJ12*DG$1)+(DN12*DK$1)+(DQ12*DO$1)+(DT12*DR$1)+(DW12*DU$1)+(EU12*EU$1)+(EY12*EV$1)+(FC12*EZ$1)+(FS12*FP$1)+(GB12*FZ$1)+(FY12*FW$1)+(FV12*FT$1)+(GG12*GE$1)+(GM12*GK$1)+(GS12*GQ$1)+(GU12*GU$1))*(1+HG12),"") -> 80.302176 | HJ12: 8800 | HK12: 0.1012 | HL12: =IFERROR(GV12-HH12,"") -> 9 | HM12: =IFERROR(HI12/(HJ12/1000),0) -> 9.1252473 | HN12: 10500 | HO12: 0.1993 | HP12: =GW12-HH12 -> 9 | HQ12: =HI12/(HN12/1000) -> 7.6478263
A13: Max McGreevy | B13: 100 | C13: 850 | D13: 350 | E13: 79 | F13: 61.71875 | G13: -0.14 | H13: 71 | I13: -0.28210792 | J13: 38.893038 | K13: 0.02 | L13: 56 | M13: 0.19873556 | N13: 57.87652 | O13: 0.21 | P13: 32 | Q13: 0.739018 | R13: 77.005197 | S13: 85.9 | T13: 30 | U13: 0.75210105 | V13: 77.400485 | W13: 83.3 | X13: 34 | Y13: 0.60433215 | Z13: 72.718858 | AA13: 85.4 | AB13: 11 | AC13: 1.2556671 | AD13: 89.538166 | AE13: 0.22 | AF13: 40 | AG13: 0.43270231 | AH13: 66.738447 | AI13: 0.35 | AJ13: 22 | AK13: 0.89525414 | AL13: 81.467437 | AM13: 0.26 | AN13: 25 | AO13: 0.72279596 | AP13: 76.509738 | AT13: 81.467437 | AX13: 81.467437 | BB13: 81.467437 | BC13: 0.12 | BD13: 36 | BE13: 0.44282896 | BF13: 67.105527 | BG13: 0.06 | BH13: 47 | BI13: 0.22602437 | BJ13: 58.940877 | BK13: 0.09 | BL13: 36 | BM13: 0.42808663 | BN13: 66.570598 | BO13: 0.05 | BP13: 52 | BQ13: 0.15743501 | BR13: 56.254899 | BS13: -0.26 | BT13: 84 | BU13: -0.55522671 | BV13: 28.93698 | BW13: -0.26 | BX13: 87 | BY13: -0.55571019 | BZ13: 28.920449 | CA13: -0.07 | CB13: 69 | CC13: 0.0063788233 | CD13: 50.254477 | CE13: 0.1 | CF13: 48 | CG13: 0.29075199 | CH13: 61.43795 | CI13: -0.12 | CJ13: 82 | CK13: -0.5361299 | CL13: 29.593439 | CM13: 0.33 | CN13: 29 | CO13: 0.60248294 | CP13: 72.657364 | CQ13: 22.2 | CR13: 53 | CS13: 0.13594343 | CT13: 55.4067 | CU13: 20 | CV13: 85 | CW13: -0.39740605 | CX13: 34.553403 | CY13: 22.5 | CZ13: 42 | DA13: 0.45237476 | DB13: 67.450049 | DC13: 84 | DD13: 79 | DE13: -0.30968823 | DF13: 37.839903 | DG13: 83.9 | DH13: 70 | DI13: -0.098131652 | DJ13: 46.091388 | DK13: 85.8 | DL13: 36 | DM13: 0.54066089 | DN13: 70.562933 | DQ13: 0 | DT13: 0 | DW13: 0 | DX13: #N/A | DY13: #N/A | DZ13: #N/A | EA13: #N/A | EB13: #N/A | EH13: -0.5 | EI13: #DIV/0! | EJ13: 0 | EK13: 0 | EL13: #DIV/0! | EM13: 0 | EN13: 0 | EO13: #DIV/0! | EP13: 0 | EQ13: 10 | ER13: 2.5 | ES13: #DIV/0! | ET13: 0 | EU13: 0 | EV13: 1.01 | EW13: 1.0349232 | EX13: 1.0349232 | EY13: 84.964761 | EZ13: 0 | FA13: #DIV/0! | FB13: #DIV/0! | FC13: 30 | FD13: 31/54 | FJ13: MC | FK13: MC | FL13: MC | FM13: 11 | FN13: MC | FO13: 54 | FP13: 0.57407407 | FQ13: 31 | FR13: 0.023772865 | FS13: 50.948311 | FT13: 0.31481481 | FU13: 0.30100277 | FV13: 61.829381 | FW13: 0.12962963 | FX13: 0.17904005 | FY13: 57.104687 | FZ13: 0.074074074 | GA13: 0.25881522 | GB13: 60.211109 | GC13: 0.11148384 | GD13: -0.02 | GE13: 0.045741918 | GF13: 0.27519765 | GG13: 60.84178 | GH13: 32 | GI13: 0.15761324 | GJ13: -0.05 | GK13: 0.053806619 | GL13: 0.44068728 | GM13: 67.02803 | GN13: 74 | GO13: 0.3789146 | GP13: 0.3 | GQ13: 0.3394573 | GR13: 0.79519512 | GS13: 78.674999 | GT13: 168 | GU13: 79.83871 | GV13: 53 | GW13: 57 | GX13: 0.0083 | GY13: 0.0548 | GZ13: 0.12095 | HA13: 100 | HB13: 850 | HC13: 350 | HD13: -0.0016009901 | HE13: 0.0051605263 | HF13: 0.0028944444 | HH13: =IFERROR(RANK(HI13,HI$4:HI$1100),"") -> 30 | HI13: =IFERROR(((J13*G$1)+(N13*K$1)+(R13*O$1)+(V13*S$1)+(Z13*W$1)+(AD13*AA$1)+(AH13*AE$1)+(AL13*AI$1)+(AP13*AM$1)+(AT13*AQ$1)+(AX13*AU$1)+(BB13*AY$1)+(BF13*BC$1)+(BJ13*BG$1)+(BN13*BK$1)+(BR13*BO$1)+(BV13*BS$1)+(BZ13*BW$1)+(CD13*CA$1)+(CH13*CE$1)+(CL13*CI$1)+(CP13*CM$1)+(CT13*CQ$1)+(CX13*CU$1)+(DB13*CY$1)+(DF13*DC$1)+(DJ13*DG$1)+(DN13*DK$1)+(DQ13*DO$1)+(DT13*DR$1)+(DW13*DU$1)+(EU13*EU$1)+(EY13*EV$1)+(FC13*EZ$1)+(FS13*FP$1)+(GB13*FZ$1)+(FY13*FW$1)+(FV13*FT$1)+(GG13*GE$1)+(GM13*GK$1)+(GS13*GQ$1)+(GU13*GU$1))*(1+HG13),"") -> 63.907738 | HJ13: 7000 | HK13: 0.0295 | HL13: =IFERROR(GV13-HH13,"") -> 23 | HM13: =IFERROR(HI13/(HJ13/1000),0) -> 9.1296768 | HN13: 8400 | HO13: 0.049 | HP13: =GW13-HH13 -> 27 | HQ13: =HI13/(HN13/1000) -> 7.608064
A14: Rico Hoey | B14: 66 | C14: 600 | D14: 250 | E14: 92 | F14: 71.875 | G14: 0.29 | H14: 33 | I14: 0.72980821 | J14: 76.724629 | K14: 0.47 | L14: 9 | M14: 1.3069518 | N14: 90.438546 | O14: 0.43 | P14: 9 | Q14: 1.3326227 | R14: 90.867217 | S14: 84.8 | T14: 46 | U14: 0.46615285 | V14: 67.944695 | W14: 84.1 | X14: 27 | Y14: 0.81634804 | Z14: 79.284945 | AA14: 83.6 | AB14: 30 | AC14: 0.71742073 | AD14: 76.344273 | AE14: 0.28 | AF14: 32 | AG14: 0.53952013 | AH14: 70.523599 | AI14: 0.05 | AJ14: 49 | AK14: 0.28168966 | AL14: 61.090926 | AM14: 0.22 | AN14: 33 | AO14: 0.63904841 | AP14: 73.860428 | AT14: 61.090926 | AX14: 61.090926 | BB14: 61.090926 | BC14: 0 | BD14: 64 | BE14: 0.012776681 | BF14: 50.509702 | BG14: -0.03 | BH14: 67 | BI14: -0.098847913 | BJ14: 46.062951 | BK14: -0.17 | BL14: 95 | BM14: -0.50752025 | BN14: 30.589492 | BO14: -0.39 | BP14: 87 | BQ14: -0.74661251 | BR14: 22.764875 | BS14: -0.09 | BT14: 66 | BU14: -0.11534036 | BV14: 45.408768 | BW14: -0.27 | BX14: 90 | BY14: -0.58240727 | BZ14: 28.014619 | CA14: -0.56 | CB14: 107 | CC14: -0.79378077 | CD14: 21.366154 | CE14: 0.52 | CF14: 25 | CG14: 0.73714817 | CH14: 76.948388 | CI14: 0.95 | CJ14: 13 | CK14: 1.426345 | CL14: 92.311561 | CM14: 1.16 | CN14: 7 | CO14: 1.5673323 | CP14: 94.148148 | CQ14: 23.1 | CR14: 38 | CS14: 0.50707947 | CT14: 69.395047 | CU14: 22.5 | CV14: 23 | CW14: 0.75806435 | CX14: 77.579377 | CY14: 23.4 | CZ14: 18 | DA14: 0.92403519 | DB14: 82.2266 | DC14: 85.2 | DD14: 55 | DE14: 0.13236674 | DF14: 55.265289 | DG14: 85.1 | DH14: 47 | DI14: 0.38075081 | DJ14: 64.830592 | DK14: 85.4 | DL14: 46 | DM14: 0.3508221 | DN14: 63.713909 | DQ14: 0 | DT14: 0 | DW14: 0 | DX14: #N/A | DY14: #N/A | DZ14: #N/A | EA14: #N/A | EB14: #N/A | EH14: -0.5 | EI14: #DIV/0! | EJ14: 0 | EK14: 0 | EL14: #DIV/0! | EM14: 0 | EN14: 0 | EO14: #DIV/0! | EP14: 0 | EQ14: 10 | ER14: 2.5 | ES14: #DIV/0! | ET14: 0 | EU14: 0 | EV14: 1.07 | EW14: 1.1173615 | EX14: 1.1173615 | EY14: 86.808011 | EZ14: 0 | FA14: #DIV/0! | FB14: #DIV/0! | FC14: 30 | FD14: 40/52 | FJ14: 25 | FK14: 15 | FL14: 62 | FM14: 67 | FN14: 49 | FO14: 52 | FP14: 0.76923077 | FQ14: 40 | FR14: 1.1536807 | FS14: 87.568445 | FT14: 0.46153846 | FU14: 1.4438952 | FV14: 92.561578 | FW14: 0.17307692 | FX14: 0.79324744 | FY14: 78.618316 | FZ14: 0.038461538 | GA14: -0.46333957 | GB14: 32.156049 | GC14: 0.5240539 | GD14: -0.22 | GE14: 0.15202695 | GF14: 0.40036745 | GG14: 65.555705 | GH14: 36 | GI14: -0.011571519 | GJ14: 0.19 | GK14: 0.08921424 | GL14: 0.49286453 | GM14: 68.894584 | GN14: 81 | GO14: 0.37388462 | GP14: 0.27 | GQ14: 0.32194231 | GR14: 0.76658658 | GS14: 77.833632 | GT14: 179 | GU14: 67.741935 | GV14: 27 | GW14: 29 | GX14: 0.0225 | GY14: 0.1101 | GZ14: 0.2091 | HA14: 66 | HB14: 600 | HC14: 250 | HD14: 0.0075746269 | HE14: 0.051957143 | HF14: 0.050828571 | HH14: =IFERROR(RANK(HI14,HI$4:HI$1100),"") -> 16 | HI14: =IFERROR(((J14*G$1)+(N14*K$1)+(R14*O$1)+(V14*S$1)+(Z14*W$1)+(AD14*AA$1)+(AH14*AE$1)+(AL14*AI$1)+(AP14*AM$1)+(AT14*AQ$1)+(AX14*AU$1)+(BB14*AY$1)+(BF14*BC$1)+(BJ14*BG$1)+(BN14*BK$1)+(BR14*BO$1)+(BV14*BS$1)+(BZ14*BW$1)+(CD14*CA$1)+(CH14*CE$1)+(CL14*CI$1)+(CP14*CM$1)+(CT14*CQ$1)+(CX14*CU$1)+(DB14*CY$1)+(DF14*DC$1)+(DJ14*DG$1)+(DN14*DK$1)+(DQ14*DO$1)+(DT14*DR$1)+(DW14*DU$1)+(EU14*EU$1)+(EY14*EV$1)+(FC14*EZ$1)+(FS14*FP$1)+(GB14*FZ$1)+(FY14*FW$1)+(FV14*FT$1)+(GG14*GE$1)+(GM14*GK$1)+(GS14*GQ$1)+(GU14*GU$1))*(1+HG14),"") -> 70.499583 | HJ14: 7700 | HK14: 0.1328 | HL14: =IFERROR(GV14-HH14,"") -> 11 | HM14: =IFERROR(HI14/(HJ14/1000),0) -> 9.15579 | HN14: 9400 | HO14: 0.1572 | HP14: =GW14-HH14 -> 13 | HQ14: =HI14/(HN14/1000) -> 7.4999557
A15: Jackson Koivun | B15: 14 | C15: 180 | D15: -120 | E15: 128 | F15: 100 | G15: 0.46 | H15: 11 | I15: 1.1298681 | J15: 87.073409 | K15: 0.46 | L15: 10 | M15: 1.2823248 | N15: 90.013563 | O15: 0.43 | P15: 9 | Q15: 1.3326227 | R15: 90.867217 | S15: 86.8 | T15: 20 | U15: 0.98605867 | V15: 83.794784 | W15: 86.8 | X15: 6 | Y15: 1.5319016 | Z15: 93.722665 | AA15: 85.5 | AB15: 9 | AC15: 1.2855697 | AD15: 90.070336 | AE15: 0.59 | AF15: 17 | AG15: 1.0914122 | AH15: 86.245422 | AI15: 0.59 | AJ15: 5 | AK15: 1.3861057 | AL15: 91.714269 | AM15: 0.76 | AN15: 2 | AO15: 1.7696403 | AP15: 96.160646 | AT15: 91.714269 | AX15: 91.714269 | BB15: 91.714269 | BC15: 0.22 | BD15: 17 | BE15: 0.80120586 | BF15: 78.849376 | BG15: 0.22 | BH15: 18 | BI15: 0.80357509 | BJ15: 78.917879 | BK15: 0.17 | BL15: 21 | BM15: 0.71596567 | BN15: 76.299373 | BO15: 0.14 | BP15: 47 | BQ15: 0.34235382 | BR15: 63.395768 | BS15: 0.14 | BT15: 42 | BU15: 0.4798 | BV15: 68.431519 | BW15: 0.31 | BX15: 22 | BY15: 0.9660236 | BZ15: 83.298381 | CA15: 0.91 | CB15: 4 | CC15: 1.606698 | CD15: 94.593968 | CE15: 1.64 | CF15: 3 | CG15: 1.927538 | CH15: 97.304369 | CI15: 1.64 | CJ15: 2 | CK15: 2.6918663 | CL15: 99.644733 | CM15: 1.71 | CN15: 1 | CO15: 2.2066902 | CP15: 98.633215 | CQ15: 22.9 | CR15: 42 | CS15: 0.4246048 | CT15: 66.44376 | CU15: 22.9 | CV15: 19 | CW15: 0.94293962 | CX15: 82.714411 | CY15: 24.1 | CZ15: 5 | DA15: 1.2908822 | DB15: 90.162773 | DC15: 88.5 | DD15: 8 | DE15: 1.3480179 | DF15: 91.117369 | DG15: 88.5 | DH15: 4 | DI15: 1.7375845 | DJ15: 95.885797 | DK15: 88.3 | DL15: 3 | DM15: 1.7271534 | DN15: 95.792994 | DQ15: 0 | DT15: 0 | DW15: 0 | DX15: #N/A | DY15: #N/A | DZ15: #N/A | EA15: #N/A | EB15: #N/A | EH15: -0.5 | EI15: #DIV/0! | EJ15: 0 | EK15: 0 | EL15: #DIV/0! | EM15: 0 | EN15: 0 | EO15: #DIV/0! | EP15: 0 | EQ15: 10 | ER15: 2.5 | ES15: #DIV/0! | ET15: 0 | EU15: 0 | EV15: 1.64 | EW15: 1.9005258 | EX15: 1.9005258 | EY15: 97.131792 | EZ15: 0 | FA15: #DIV/0! | FB15: #DIV/0! | FC15: 30 | FD15: 12/14 | FI15: 24 | FJ15: 29 | FK15: 31 | FL15: 1 | FN15: 10 | FO15: 14 | FP15: 0.85714286 | FQ15: 12 | FR15: 1.6626694 | FS15: 95.181069 | FT15: 0.64285714 | FU15: 2.8562631 | FV15: 99.78567 | FW15: 0.42857143 | FX15: 4.4051321 | FY15: 99.999471 | FZ15: 0.28571429 | GA15: 4.550478 | GB15: 99.999732 | GC15: 1.4558505 | GD15: 1.4 | GE15: 1.4279252 | GF15: 1.9029679 | GG15: 97.147763 | GH15: 26 | GI15: 1.4558505 | GJ15: 1.4 | GK15: 1.4279252 | GL15: 2.4656106 | GM15: 99.3161 | GN15: 26 | GO15: 1.4711562 | GP15: 1.63 | GQ15: 1.5505781 | GR15: 2.7734096 | GS15: 99.722639 | GT15: 52 | GU15: 61.290323 | GV15: 1 | GW15: 1 | GX15: 0.0864 | GY15: 0.30565 | GZ15: 0.48105 | HA15: 14 | HB15: 180 | HC15: -120 | HD15: 0.019733333 | HE15: 0.088192857 | HF15: 0.072777273 | HH15: =IFERROR(RANK(HI15,HI$4:HI$1100),"") -> 1 | HI15: =IFERROR(((J15*G$1)+(N15*K$1)+(R15*O$1)+(V15*S$1)+(Z15*W$1)+(AD15*AA$1)+(AH15*AE$1)+(AL15*AI$1)+(AP15*AM$1)+(AT15*AQ$1)+(AX15*AU$1)+(BB15*AY$1)+(BF15*BC$1)+(BJ15*BG$1)+(BN15*BK$1)+(BR15*BO$1)+(BV15*BS$1)+(BZ15*BW$1)+(CD15*CA$1)+(CH15*CE$1)+(CL15*CI$1)+(CP15*CM$1)+(CT15*CQ$1)+(CX15*CU$1)+(DB15*CY$1)+(DF15*DC$1)+(DJ15*DG$1)+(DN15*DK$1)+(DQ15*DO$1)+(DT15*DR$1)+(DW15*DU$1)+(EU15*EU$1)+(EY15*EV$1)+(FC15*EZ$1)+(FS15*FP$1)+(GB15*FZ$1)+(FY15*FW$1)+(FV15*FT$1)+(GG15*GE$1)+(GM15*GK$1)+(GS15*GQ$1)+(GU15*GU$1))*(1+HG15),"") -> 89.401135 | HJ15: 10500 | HK15: 0.1396 | HL15: =IFERROR(GV15-HH15,"") -> 0 | HM15: =IFERROR(HI15/(HJ15/1000),0) -> 8.5143938 | HN15: 12000 | HO15: 0.2771 | HP15: =GW15-HH15 -> 0 | HQ15: =HI15/(HN15/1000) -> 7.4500946
A16: Doug Ghim | B16: 28 | C16: 300 | D16: 137 | E16: 124 | F16: 96.875 | G16: 0.67 | H16: 5 | I16: 1.6240597 | J16: 94.781846 | K16: 0.65 | L16: 2 | M16: 1.7502383 | N16: 95.99614 | O16: 0.56 | P16: 4 | Q16: 1.6833891 | R16: 95.38501 | S16: 86 | T16: 28 | U16: 0.77809634 | V16: 78.174389 | W16: 84.5 | X16: 22 | Y16: 0.92235598 | Z16: 82.182854 | AA16: 84.2 | AB16: 21 | AC16: 0.8968362 | AD16: 81.509684 | AE16: 0.34 | AF16: 29 | AG16: 0.64633794 | AH16: 74.096974 | AI16: 0.31 | AJ16: 24 | AK16: 0.81344554 | AL16: 79.201867 | AM16: 0.26 | AN16: 25 | AO16: 0.72279596 | AP16: 76.509738 | AT16: 79.201867 | AX16: 79.201867 | BB16: 79.201867 | BC16: 0.22 | BD16: 17 | BE16: 0.80120586 | BF16: 78.849376 | BG16: 0.26 | BH16: 15 | BI16: 0.94796278 | BJ16: 82.84258 | BK16: 0.21 | BL16: 19 | BM16: 0.85990519 | BN16: 80.507935 | BO16: 0.28 | BP16: 37 | BQ16: 0.6300053 | BR16: 73.565444 | BS16: -0.1 | BT16: 69 | BU16: -0.14121602 | BV16: 44.384964 | BW16: -0.16 | BX16: 76 | BY16: -0.28873935 | BZ16: 38.639042 | CA16: 0.07 | CB16: 50 | CC16: 0.23499585 | CD16: 59.289402 | CE16: 1.3 | CF16: 8 | CG16: 1.5661696 | CH16: 94.134555 | CI16: 1 | CJ16: 12 | CK16: 1.5180495 | CL16: 93.549904 | CM16: 1.03 | CN16: 9 | CO16: 1.4162113 | CP16: 92.164317 | CQ16: 24.4 | CR16: 20 | CS16: 1.0431649 | CT16: 85.156403 | CU16: 23.1 | CV16: 16 | CW16: 1.0353773 | CX16: 84.975362 | CY16: 24 | CZ16: 7 | DA16: 1.2384755 | DB16: 89.223009 | DC16: 89.4 | DD16: 3 | DE16: 1.6795592 | DF16: 95.347844 | DG16: 88.4 | DH16: 5 | DI16: 1.6976776 | DJ16: 95.521568 | DK16: 87.8 | DL16: 5 | DM16: 1.4898549 | DN16: 93.18688 | DQ16: 0 | DT16: 0 | DW16: 0 | DX16: #N/A | DY16: #N/A | DZ16: #N/A | EA16: #N/A | EB16: #N/A | EH16: -0.5 | EI16: #DIV/0! | EJ16: 0 | EK16: 0 | EL16: #DIV/0! | EM16: 0 | EN16: 0 | EO16: #DIV/0! | EP16: 0 | EQ16: 10 | ER16: 2.5 | ES16: #DIV/0! | ET16: 0 | EU16: 0 | EV16: 0.85 | EW16: 0.81508762 | EX16: 0.81508762 | EY16: 79.248892 | EZ16: 0 | FA16: #DIV/0! | FB16: #DIV/0! | FC16: 30 | FD16: 32/44 | FJ16: 19 | FK16: 15 | FL16: MC | FN16: MC | FO16: 44 | FP16: 0.72727273 | FQ16: 32 | FR16: 0.91075426 | FS16: 81.878757 | FT16: 0.45454545 | FU16: 1.3894238 | FV16: 91.764804 | FW16: 0.090909091 | FX16: -0.36834597 | FY16: 35.630764 | FZ16: 0.068181818 | GA16: 0.13933143 | GB16: 55.540587 | GC16: 1.2895187 | GD16: 1.36 | GE16: 1.3247594 | GF16: 1.7814714 | GG16: 96.258227 | GH16: 28 | GI16: 0.86891172 | GJ16: 0.88 | GK16: 0.87445586 | GL16: 1.6500092 | GM16: 95.052948 | GN16: 63 | GO16: 0.54979728 | GP16: 0.46 | GQ16: 0.50489864 | GR16: 1.0654229 | GS16: 85.665769 | GT16: 151 | GU16: 69.354839 | GV16: 3 | GW16: 6 | GX16: 0.0521 | GY16: 0.2183 | GZ16: 0.371 | HA16: 28 | HB16: 300 | HC16: 137 | HD16: 0.017617241 | HE16: 0.096 | HF16: 0.10196793 | HH16: =IFERROR(RANK(HI16,HI$4:HI$1100),"") -> 2 | HI16: =IFERROR(((J16*G$1)+(N16*K$1)+(R16*O$1)+(V16*S$1)+(Z16*W$1)+(AD16*AA$1)+(AH16*AE$1)+(AL16*AI$1)+(AP16*AM$1)+(AT16*AQ$1)+(AX16*AU$1)+(BB16*AY$1)+(BF16*BC$1)+(BJ16*BG$1)+(BN16*BK$1)+(BR16*BO$1)+(BV16*BS$1)+(BZ16*BW$1)+(CD16*CA$1)+(CH16*CE$1)+(CL16*CI$1)+(CP16*CM$1)+(CT16*CQ$1)+(CX16*CU$1)+(DB16*CY$1)+(DF16*DC$1)+(DJ16*DG$1)+(DN16*DK$1)+(DQ16*DO$1)+(DT16*DR$1)+(DW16*DU$1)+(EU16*EU$1)+(EY16*EV$1)+(FC16*EZ$1)+(FS16*FP$1)+(GB16*FZ$1)+(FY16*FW$1)+(FV16*FT$1)+(GG16*GE$1)+(GM16*GK$1)+(GS16*GQ$1)+(GU16*GU$1))*(1+HG16),"") -> 83.153901 | HJ16: 10000 | HK16: 0.1687 | HL16: =IFERROR(GV16-HH16,"") -> 1 | HM16: =IFERROR(HI16/(HJ16/1000),0) -> 8.3153901 | HN16: 11200 | HO16: 0.1151 | HP16: =GW16-HH16 -> 4 | HQ16: =HI16/(HN16/1000) -> 7.4244554
A17: Patrick Fishburn | B17: 100 | C17: 800 | D17: 333 | E17: 79 | F17: 61.71875 | G17: 0.5 | H17: 9 | I17: 1.2239998 | J17: 88.952385 | K17: 0.37 | L17: 17 | M17: 1.0606815 | N17: 85.558267 | O17: 0.27 | P17: 24 | Q17: 0.90091019 | R17: 81.618196 | S17: 85.7 | T17: 31 | U17: 0.70011047 | V17: 75.807084 | W17: 82.3 | X17: 46 | Y17: 0.3393123 | Z17: 63.281276 | AA17: 82.9 | AB17: 40 | AC17: 0.50810268 | AD17: 69.430933 | AE17: -0.09 | AF17: 66 | AG17: -0.11918975 | AH17: 45.256251 | AI17: 0 | AJ17: 56 | AK17: 0.17942891 | AL17: 57.119953 | AM17: -0.01 | AN17: 62 | AO17: 0.15750001 | AP17: 56.25746 | AT17: 57.119953 | AX17: 57.119953 | BB17: 57.119953 | BC17: -0.01 | BD17: 67 | BE17: -0.023061009 | BF17: 49.08008 | BG17: -0.09 | BH17: 83 | BI17: -0.31542943 | BJ17: 37.621781 | BK17: -0.1 | BL17: 80 | BM17: -0.25562609 | BN17: 39.911979 | BO17: 0.05 | BP17: 52 | BQ17: 0.15743501 | BR17: 56.254899 | BS17: -0.05 | BT17: 61 | BU17: -0.011837685 | BV17: 49.527756 | BW17: 0.07 | BX17: 51 | BY17: 0.32529358 | BZ17: 62.752056 | CA17: 0.37 | CB17: 28 | CC17: 0.72488948 | CD17: 76.574008 | CE17: 0.63 | CF17: 21 | CG17: 0.85406146 | CH17: 80.346453 | CI17: 0.8 | CJ17: 17 | CK17: 1.1512317 | CL17: 87.518154 | CM17: 0.1 | CN17: 47 | CO17: 0.33511506 | CP17: 63.123085 | CQ17: 22.6 | CR17: 50 | CS17: 0.30089278 | CT17: 61.825187 | CU17: 21.1 | CV17: 54 | CW17: 0.11100093 | CX17: 54.419219 | CY17: 20.9 | CZ17: 89 | DA17: -0.38613267 | DB17: 34.969921 | DC17: 87.4 | DD17: 20 | DE17: 0.94280086 | DF17: 82.710862 | DG17: 86.2 | DH17: 17 | DI17: 0.8197264 | DJ17: 79.381395 | DK17: 85.9 | DL17: 33 | DM17: 0.58812059 | DN17: 72.177432 | DQ17: 0 | DT17: 0 | DW17: 0 | DX17: #N/A | DY17: #N/A | DZ17: #N/A | EA17: #N/A | EB17: #N/A | EH17: -0.5 | EI17: #DIV/0! | EJ17: 0 | EK17: 0 | EL17: #DIV/0! | EM17: 0 | EN17: 0 | EO17: #DIV/0! | EP17: 0 | EQ17: 10 | ER17: 2.5 | ES17: #DIV/0! | ET17: 0 | EU17: 0 | EV17: 0.47 | EW17: 0.29297813 | EX17: 0.29297813 | EY17: 61.523057 | EZ17: 0 | FA17: #DIV/0! | FB17: #DIV/0! | FC17: 30 | FD17: 27/46 | FJ17: 49 | FK17: 50 | FL17: 16 | FM17: 42 | FN17: MC | FO17: 46 | FP17: 0.58695652 | FQ17: 27 | FR17: 0.098358974 | FS17: 53.917637 | FT17: 0.2173913 | FU17: -0.45787011 | FV17: 32.352288 | FW17: 0.086956522 | FX17: -0.4242228 | FY17: 33.570167 | FZ17: 0.065217391 | GA17: 0.079218462 | GB17: 53.157057 | GC17: 0.39849238 | GD17: 0.11 | GE17: 0.25424619 | GF17: 0.52074904 | GG17: 69.87292 | GH17: 34 | GI17: -0.10022869 | GJ17: -0.04 | GK17: -0.070114345 | GL17: 0.25807536 | GM17: 60.182563 | GN17: 59 | GO17: 0.19067119 | GP17: -0.36 | GQ17: -0.084664406 | GR17: 0.10244532 | GS17: 54.07984 | GT17: 148 | GU17: 51.612903 | GV17: 48 | GW17: 57 | GX17: 0.00825 | GY17: 0.04855 | GZ17: 0.10915 | HA17: 100 | HB17: 800 | HC17: 333 | HD17: -0.0016509901 | HE17: -0.013072222 | HF17: -0.025488915 | HH17: =IFERROR(RANK(HI17,HI$4:HI$1100),"") -> 34 | HI17: =IFERROR(((J17*G$1)+(N17*K$1)+(R17*O$1)+(V17*S$1)+(Z17*W$1)+(AD17*AA$1)+(AH17*AE$1)+(AL17*AI$1)+(AP17*AM$1)+(AT17*AQ$1)+(AX17*AU$1)+(BB17*AY$1)+(BF17*BC$1)+(BJ17*BG$1)+(BN17*BK$1)+(BR17*BO$1)+(BV17*BS$1)+(BZ17*BW$1)+(CD17*CA$1)+(CH17*CE$1)+(CL17*CI$1)+(CP17*CM$1)+(CT17*CQ$1)+(CX17*CU$1)+(DB17*CY$1)+(DF17*DC$1)+(DJ17*DG$1)+(DN17*DK$1)+(DQ17*DO$1)+(DT17*DR$1)+(DW17*DU$1)+(EU17*EU$1)+(EY17*EV$1)+(FC17*EZ$1)+(FS17*FP$1)+(GB17*FZ$1)+(FY17*FW$1)+(FV17*FT$1)+(GG17*GE$1)+(GM17*GK$1)+(GS17*GQ$1)+(GU17*GU$1))*(1+HG17),"") -> 62.048711 | HJ17: 7100 | HK17: 0.0448 | HL17: =IFERROR(GV17-HH17,"") -> 14 | HM17: =IFERROR(HI17/(HJ17/1000),0) -> 8.739255 | HN17: 8400 | HO17: 0.0387 | HP17: =GW17-HH17 -> 23 | HQ17: =HI17/(HN17/1000) -> 7.3867513
A18: Kris Ventura | B18: 66 | C18: 650 | D18: 275 | E18: 92 | F18: 71.875 | G18: 0.76 | H18: 3 | I18: 1.8358561 | J18: 96.681053 | K18: 0.65 | L18: 2 | M18: 1.7502383 | N18: 95.99614 | O18: 0.53 | P18: 5 | Q18: 1.602443 | R18: 94.547116 | S18: 86.9 | T18: 17 | U18: 1.012054 | V18: 84.424387 | W18: 85 | X18: 16 | Y18: 1.0548659 | Z18: 85.425667 | AA18: 84.9 | AB18: 15 | AC18: 1.1061542 | AD18: 86.567012 | AE18: 0.13 | AF18: 48 | AG18: 0.27247558 | AH18: 60.737182 | AI18: -0.08 | AJ18: 65 | AK18: 0.015811717 | AL18: 50.63077 | AM18: -0.15 | AN18: 79 | AO18: -0.13561641 | AP18: 44.606227 | AT18: 50.63077 | AX18: 50.63077 | BB18: 50.63077 | BC18: -0.09 | BD18: 83 | BE18: -0.30976253 | BF18: 37.837077 | BG18: -0.24 | BH18: 105 | BI18: -0.85688324 | BJ18: 19.575471 | BK18: -0.19 | BL18: 97 | BM18: -0.57949001 | BN18: 28.112929 | BO18: 0.07 | BP18: 51 | BQ18: 0.19852808 | BR18: 57.868404 | BS18: -0.14 | BT18: 73 | BU18: -0.24471869 | BV18: 40.333713 | BW18: 0.16 | BX18: 39 | BY18: 0.56556734 | BZ18: 71.415603 | CA18: -0.23 | CB18: 82 | CC18: -0.25489778 | CD18: 39.940103 | CE18: 1.29 | CF18: 9 | CG18: 1.5555412 | CH18: 94.009138 | CI18: 0.91 | CJ18: 14 | CK18: 1.3529815 | CL18: 91.196923 | CM18: 0.94 | CN18: 13 | CO18: 1.3115891 | CP18: 90.517059 | CQ18: 23.8 | CR18: 26 | CS18: 0.79574084 | CT18: 78.690866 | CU18: 21.5 | CV18: 48 | CW18: 0.29587619 | CX18: 61.633768 | CY18: 22.9 | CZ18: 27 | DA18: 0.66200161 | DB18: 74.601491 | DC18: 87.5 | DD18: 16 | DE18: 0.97963878 | DF18: 83.636777 | DG18: 85.6 | DH18: 31 | DI18: 0.58028517 | DJ18: 71.913884 | DK18: 87.1 | DL18: 10 | DM18: 1.157637 | DN18: 87.649389 | DQ18: 0 | DT18: 0 | DW18: 0 | DX18: #N/A | DY18: #N/A | DZ18: #N/A | EA18: #N/A | EB18: #N/A | EH18: -0.5 | EI18: #DIV/0! | EJ18: 0 | EK18: 0 | EL18: #DIV/0! | EM18: 0 | EN18: 0 | EO18: #DIV/0! | EP18: 0 | EQ18: 10 | ER18: 2.5 | ES18: #DIV/0! | ET18: 0 | EU18: 0 | EV18: 0.87 | EW18: 0.84256707 | EX18: 0.84256707 | EY18: 80.026469 | EZ18: 0 | FA18: #DIV/0! | FB18: #DIV/0! | FC18: 30 | FD18: 20/40 | FO18: 40 | FP18: 0.5 | FQ18: 20 | FR18: -0.40509726 | FS18: 34.270301 | FT18: 0.325 | FU18: 0.38033949 | FV18: 64.815329 | FW18: 0.075 | FX18: -0.59325022 | FY18: 27.650685 | FZ18: 0.05 | GA18: -0.22936142 | GB18: 40.929401 | GC18: -0.78196609 | GD18: 0.48 | GE18: -0.15098305 | GF18: 0.043518507 | GG18: 51.735589 | GH18: 8 | GI18: -0.22005586 | GJ18: 0.04 | GK18: -0.090027929 | GL18: 0.22873038 | GM18: 59.046076 | GN18: 31 | GO18: 0.27255679 | GP18: 0.14 | GQ18: 0.2062784 | GR18: 0.57766403 | GS18: 71.825451 | GT18: 121 | GU18: 45.16129 | GV18: 48 | GW18: 43 | GX18: 0.01335 | GY18: 0.07555 | GZ18: 0.15045 | HA18: 66 | HB18: 650 | HC18: 275 | HD18: -0.0015753731 | HE18: 0.0037833333 | HF18: -0.013316667 | HH18: =IFERROR(RANK(HI18,HI$4:HI$1100),"") -> 25 | HI18: =IFERROR(((J18*G$1)+(N18*K$1)+(R18*O$1)+(V18*S$1)+(Z18*W$1)+(AD18*AA$1)+(AH18*AE$1)+(AL18*AI$1)+(AP18*AM$1)+(AT18*AQ$1)+(AX18*AU$1)+(BB18*AY$1)+(BF18*BC$1)+(BJ18*BG$1)+(BN18*BK$1)+(BR18*BO$1)+(BV18*BS$1)+(BZ18*BW$1)+(CD18*CA$1)+(CH18*CE$1)+(CL18*CI$1)+(CP18*CM$1)+(CT18*CQ$1)+(CX18*CU$1)+(DB18*CY$1)+(DF18*DC$1)+(DJ18*DG$1)+(DN18*DK$1)+(DQ18*DO$1)+(DT18*DR$1)+(DW18*DU$1)+(EU18*EU$1)+(EY18*EV$1)+(FC18*EZ$1)+(FS18*FP$1)+(GB18*FZ$1)+(FY18*FW$1)+(FV18*FT$1)+(GG18*GE$1)+(GM18*GK$1)+(GS18*GQ$1)+(GU18*GU$1))*(1+HG18),"") -> 64.817174 | HJ18: 7100 | HK18: 0.0435 | HL18: =IFERROR(GV18-HH18,"") -> 23 | HM18: =IFERROR(HI18/(HJ18/1000),0) -> 9.1291795 | HN18: 8800 | HO18: 0.0582 | HP18: =GW18-HH18 -> 18 | HQ18: =HI18/(HN18/1000) -> 7.365588
A19: Tyler Duncan | B19: 275 | C19: 2500 | D19: 750 | E19: 34 | F19: 26.5625 | G19: 0.4 | H19: 18 | I19: 0.98867048 | J19: 83.85878 | K19: 0.33 | L19: 20 | M19: 0.96217341 | N19: 83.201875 | O19: 0.24 | P19: 27 | Q19: 0.8199641 | R19: 79.388171 | S19: 90 | T19: 4 | U19: 1.817908 | V19: 96.54609 | W19: 87.9 | X19: 4 | Y19: 1.8234235 | Z19: 96.588036 | AA19: 87.8 | AB19: 3 | AC19: 1.973329 | AD19: 97.577096 | AE19: 0.6 | AF19: 15 | AG19: 1.1092152 | AH19: 86.633131 | AI19: 0.44 | AJ19: 14 | AK19: 1.0793235 | AL19: 85.977823 | AM19: 0.48 | AN19: 9 | AO19: 1.1834075 | AP19: 88.167615 | AT19: 85.977823 | AX19: 85.977823 | BB19: 85.977823 | BC19: -0.02 | BD19: 69 | BE19: -0.058898699 | BF19: 47.65164 | BG19: 0.01 | BH19: 59 | BI19: 0.045539768 | BJ19: 51.816146 | BK19: 0.05 | BL19: 46 | BM19: 0.28414711 | BN19: 61.185118 | BO19: -0.81 | BP19: 110 | BQ19: -1.6095669 | BR19: 5.3746214 | BS19: -0.75 | BT19: 117 | BU19: -1.8231344 | BV19: 3.4141517 | BW19: -0.88 | BX19: 122 | BY19: -2.2109294 | BZ19: 1.3520363 | CA19: -1.46 | CB19: 125 | CC19: -2.2634616 | CD19: 1.1803623 | CE19: -0.28 | CF19: 69 | CG19: -0.11313027 | CH19: 45.496364 | CI19: -0.68 | CJ19: 117 | CK19: -1.5632196 | CL19: 5.9000477 | CM19: -0.29 | CN19: 70 | CO19: -0.11824788 | CP19: 45.293563 | CQ19: 25 | CR19: 9 | CS19: 1.2905889 | CT19: 90.157687 | CU19: 24.3 | CV19: 4 | CW19: 1.590003 | CX19: 94.408294 | CY19: 21.8 | CZ19: 67 | DA19: 0.085527758 | DB19: 53.407909 | DC19: 85 | DD19: 63 | DE19: 0.058690915 | DF19: 52.340085 | DG19: 86.1 | DH19: 19 | DI19: 0.77981953 | DJ19: 78.225144 | DK19: 85.5 | DL19: 44 | DM19: 0.39828179 | DN19: 65.478876 | DQ19: 0 | DT19: 0 | DW19: 0 | DX19: #N/A | DY19: #N/A | DZ19: #N/A | EA19: #N/A | EB19: #N/A | EH19: -0.5 | EI19: #DIV/0! | EJ19: 0 | EK19: 0 | EL19: #DIV/0! | EM19: 0 | EN19: 0 | EO19: #DIV/0! | EP19: 0 | EQ19: 10 | ER19: 2.5 | ES19: #DIV/0! | ET19: 0 | EU19: 0 | EV19: -0.92 | EW19: -1.6168434 | EX19: -1.6168434 | EY19: 5.2956042 | EZ19: 0 | FA19: #DIV/0! | FB19: #DIV/0! | FC19: 30 | FD19: 25/51 | FE19: 49 | FH19: MC | FI19: 24 | FJ19: 12 | FL19: MC | FM19: MC | FN19: MC | FO19: 51 | FP19: 0.49019608 | FQ19: 25 | FR19: -0.46185948 | FS19: 32.209105 | FT19: 0.29411765 | FU19: 0.13978379 | FV19: 55.558459 | FW19: 0.11764706 | FX19: 0.0096443783 | FY19: 50.384749 | FZ19: 0.058823529 | GA19: -0.05043695 | GB19: 47.98871 | GC19: 0.38506789 | GD19: -0.23 | GE19: 0.077533947 | GF19: 0.31263849 | GG19: 62.272234 | GH19: 42 | GI19: 0.268887 | GJ19: -0.7 | GK19: -0.2155565 | GL19: 0.043749454 | GM19: 51.744794 | GN19: 72 | GO19: 0.29530197 | GP19: -0.92 | GQ19: -0.31234902 | GR19: -0.26944903 | GS19: 39.379208 | GT19: 154 | GU19: 5.6451613 | GV19: 92 | GW19: 97 | GX19: 0.0039 | GY19: 0.02825 | GZ19: 0.066 | HA19: 275 | HB19: 2500 | HC19: 750 | HD19: 0.00027681159 | HE19: 0.023692308 | HF19: 0.022855882 | HH19: =IFERROR(RANK(HI19,HI$4:HI$1100),"") -> 53 | HI19: =IFERROR(((J19*G$1)+(N19*K$1)+(R19*O$1)+(V19*S$1)+(Z19*W$1)+(AD19*AA$1)+(AH19*AE$1)+(AL19*AI$1)+(AP19*AM$1)+(AT19*AQ$1)+(AX19*AU$1)+(BB19*AY$1)+(BF19*BC$1)+(BJ19*BG$1)+(BN19*BK$1)+(BR19*BO$1)+(BV19*BS$1)+(BZ19*BW$1)+(CD19*CA$1)+(CH19*CE$1)+(CL19*CI$1)+(CP19*CM$1)+(CT19*CQ$1)+(CX19*CU$1)+(DB19*CY$1)+(DF19*DC$1)+(DJ19*DG$1)+(DN19*DK$1)+(DQ19*DO$1)+(DT19*DR$1)+(DW19*DU$1)+(EU19*EU$1)+(EY19*EV$1)+(FC19*EZ$1)+(FS19*FP$1)+(GB19*FZ$1)+(FY19*FW$1)+(FV19*FT$1)+(GG19*GE$1)+(GM19*GK$1)+(GS19*GQ$1)+(GU19*GU$1))*(1+HG19),"") -> 54.464988 | HJ19: 6400 | HK19: 0.0117 | HL19: =IFERROR(GV19-HH19,"") -> 39 | HM19: =IFERROR(HI19/(HJ19/1000),0) -> 8.5101543 | HN19: 7400 | HO19: 0.0114 | HP19: =GW19-HH19 -> 44 | HQ19: =HI19/(HN19/1000) -> 7.3601335
A20: John Parry | B20: 70 | C20: 750 | D20: 320 | E20: 89 | F20: 69.53125 | G20: 0.18756098 | H20: 44 | I20: 0.48873914 | J20: 68.74868 | K20: -0.0025373134 | L20: 59 | M20: 0.14323286 | N20: 55.694686 | O20: 0.006043956 | P20: 57 | Q20: 0.18870317 | R20: 57.483727 | S20: 85.2 | T20: 40 | U20: 0.57013401 | V20: 71.57066 | W20: 83 | X20: 38 | Y20: 0.5248262 | Z20: 70.014799 | AA20: 83.3 | AB20: 33 | AC20: 0.62771299 | AD20: 73.490401 | AE20: 0.4995122 | AF20: 19 | AG20: 0.93031702 | AH20: 82.389652 | AI20: 0.4919403 | AJ20: 11 | AK20: 1.1855526 | AL20: 88.210048 | AM20: 0.41230769 | AN20: 12 | AO20: 1.0416809 | AP20: 85.122017 | AT20: 88.210048 | AX20: 88.210048 | BB20: 88.210048 | BC20: 0.27341463 | BD20: 14 | BE20: 0.99263157 | BF20: 83.955523 | BG20: 0.22880597 | BH20: 17 | BI20: 0.83536193 | BJ20: 79.824302 | BK20: 0.16582418 | BL20: 23 | BM20: 0.70093902 | BN20: 75.832946 | BO20: -0.12902439 | BP20: 71 | BQ20: -0.21039807 | BR20: 41.66785 | BS20: -0.19895522 | BT20: 79 | BU20: -0.39726927 | BV20: 34.558445 | BW20: -0.16494505 | BX20: 77 | BY20: -0.3019412 | BZ20: 38.134844 | CA20: -0.58 | CB20: 109 | CC20: -0.82644034 | CD20: 20.427717 | CE20: 0.56 | CF20: 23 | CG20: 0.77966209 | CH20: 78.22051 | CI20: 0.35 | CJ20: 38 | CK20: 0.3258918 | CL20: 62.774689 | CM20: 0.31 | CN20: 30 | CO20: 0.57923356 | CP20: 71.87842 | CQ20: 19.2 | CR20: 102 | CS20: -1.1011767 | CT20: 13.540988 | CU20: 18.8 | CV20: 107 | CW20: -0.95203184 | CX20: 17.054042 | CY20: 20.1 | CZ20: 105 | DA20: -0.80538638 | DB20: 21.029837 | DC20: 85.1 | DD20: 59 | DE20: 0.095528829 | DF20: 53.80526 | DG20: 85.5 | DH20: 34 | DI20: 0.5403783 | DJ20: 70.553191 | DK20: 86.1 | DL20: 29 | DM20: 0.68303999 | DN20: 75.270921 | DQ20: 0 | DT20: 0 | DW20: 0 | DX20: #N/A | DY20: #N/A | DZ20: #N/A | EA20: #N/A | EB20: #N/A | EH20: -0.5 | EI20: #DIV/0! | EJ20: 0 | EK20: 0 | EL20: #DIV/0! | EM20: 0 | EN20: 0 | EO20: #DIV/0! | EP20: 0 | EQ20: 10 | ER20: 2.5 | ES20: #DIV/0! | ET20: 0 | EU20: 0 | EV20: 0.912 | EW20: 0.90027391 | EX20: 0.90027391 | EY20: 81.601275 | EZ20: 0 | FA20: #DIV/0! | FB20: #DIV/0! | FC20: 30 | FD20: 40/53 | FG20: MC | FJ20: 38 | FK20: MC | FL20: 24 | FM20: 28 | FN20: MC | FO20: 53 | FP20: 0.75471698 | FQ20: 40 | FR20: 1.0696495 | FS20: 85.761146 | FT20: 0.43396226 | FU20: 1.2290926 | FV20: 89.048145 | FW20: 0.18867925 | FX20: 1.013815 | FY20: 84.466447 | FZ20: 0.11320755 | GA20: 1.052368 | GB20: 85.368462 | GC20: 0.1223893 | GD20: 0.36 | GE20: 0.24119465 | GF20: 0.5053785 | GG20: 69.335349 | GH20: 34 | GI20: 0.45327171 | GJ20: 0 | GK20: 0.22663585 | GL20: 0.69537123 | GM20: 75.658866 | GN20: 78 | GO20: 0.93746771 | GP20: 0.27 | GQ20: 0.60373386 | GR20: 1.2268578 | GS20: 89.006199 | GT20: 184 | GU20: 33.870968 | GV20: 39 | GW20: 37 | GX20: 0.0089 | GY20: 0.0594 | GZ20: 0.13085 | HA20: 70 | HB20: 750 | HC20: 320 | HD20: -0.005184507 | HE20: 0.0014382353 | HF20: 0.010490476 | HH20: =IFERROR(RANK(HI20,HI$4:HI$1100),"") -> 23 | HI20: =IFERROR(((J20*G$1)+(N20*K$1)+(R20*O$1)+(V20*S$1)+(Z20*W$1)+(AD20*AA$1)+(AH20*AE$1)+(AL20*AI$1)+(AP20*AM$1)+(AT20*AQ$1)+(AX20*AU$1)+(BB20*AY$1)+(BF20*BC$1)+(BJ20*BG$1)+(BN20*BK$1)+(BR20*BO$1)+(BV20*BS$1)+(BZ20*BW$1)+(CD20*CA$1)+(CH20*CE$1)+(CL20*CI$1)+(CP20*CM$1)+(CT20*CQ$1)+(CX20*CU$1)+(DB20*CY$1)+(DF20*DC$1)+(DJ20*DG$1)+(DN20*DK$1)+(DQ20*DO$1)+(DT20*DR$1)+(DW20*DU$1)+(EU20*EU$1)+(EY20*EV$1)+(FC20*EZ$1)+(FS20*FP$1)+(GB20*FZ$1)+(FY20*FW$1)+(FV20*FT$1)+(GG20*GE$1)+(GM20*GK$1)+(GS20*GQ$1)+(GU20*GU$1))*(1+HG20),"") -> 66.148804 | HJ20: 7300 | HK20: 0.0303 | HL20: =IFERROR(GV20-HH20,"") -> 16 | HM20: =IFERROR(HI20/(HJ20/1000),0) -> 9.06148 | HN20: 9000 | HO20: 0.0338 | HP20: =GW20-HH20 -> 14 | HQ20: =HI20/(HN20/1000) -> 7.3498671
A21: Mac Meissner | B21: 35 | C21: 360 | D21: 164 | E21: 117 | F21: 91.40625 | G21: 0.13 | H21: 50 | I21: 0.35328128 | J21: 63.806121 | K21: -0.03 | L21: 61 | M21: 0.075600423 | N21: 53.01315 | O21: 0.06 | P21: 48 | Q21: 0.33428754 | R21: 63.09187 | S21: 82.9 | T21: 62 | U21: -0.027757684 | V21: 48.892771 | W21: 80.6 | X21: 67 | Y21: -0.11122145 | Z21: 45.572037 | AA21: 81.7 | AB21: 60 | AC21: 0.14927174 | AD21: 55.933039 | AE21: -0.1 | AF21: 67 | AG21: -0.13699272 | AH21: 44.551827 | AI21: 0.04 | AJ21: 51 | AK21: 0.26123751 | AL21: 60.304532 | AM21: 0.21 | AN21: 35 | AO21: 0.61811153 | AP21: 73.174909 | AT21: 60.304532 | AX21: 60.304532 | BB21: 60.304532 | BC21: 0.18 | BD21: 23 | BE21: 0.6578551 | BF21: 74.468438 | BG21: 0.3 | BH21: 12 | BI21: 1.0923505 | BJ21: 86.266045 | BK21: 0.29 | BL21: 12 | BM21: 1.1477842 | BN21: 87.447118 | BO21: 0.47 | BP21: 21 | BQ21: 1.0203895 | BR21: 84.62281 | BS21: 0.38 | BT21: 18 | BU21: 1.100816 | BV21: 86.451163 | BW21: 0.17 | BX21: 37 | BY21: 0.59226442 | BZ21: 72.316323 | CA21: -0.64 | CB21: 112 | CC21: -0.92441907 | CD21: 17.763409 | CE21: 1.46 | CF21: 4 | CG21: 1.7362253 | CH21: 95.8738 | CI21: 1.22 | CJ21: 6 | CK21: 1.921549 | CL21: 97.266873 | CM21: 0.86 | CN21: 16 | CO21: 1.2185915 | CP21: 88.850037 | CQ21: 26 | CR21: 3 | CS21: 1.7029623 | CT21: 95.571244 | CU21: 23.3 | CV21: 13 | CW21: 1.1278149 | CX21: 87.030095 | CY21: 23.6 | CZ21: 10 | DA21: 1.0288486 | DB21: 84.822459 | DC21: 86.1 | DD21: 42 | DE21: 0.46390797 | DF21: 67.864316 | DG21: 86.1 | DH21: 19 | DI21: 0.77981953 | DJ21: 78.225144 | DK21: 87.4 | DL21: 7 | DM21: 1.3000161 | DN21: 90.320227 | DQ21: 0 | DT21: 0 | DW21: 0 | DX21: #N/A | DY21: #N/A | DZ21: #N/A | EA21: #N/A | EB21: #N/A | EH21: -0.5 | EI21: #DIV/0! | EJ21: 0 | EK21: 0 | EL21: #DIV/0! | EM21: 0 | EN21: 0 | EO21: #DIV/0! | EP21: 0 | EQ21: 10 | ER21: 2.5 | ES21: #DIV/0! | ET21: 0 | EU21: 0 | EV21: 0.64 | EW21: 0.52655343 | EX21: 0.52655343 | EY21: 70.074813 | EZ21: 0 | FA21: #DIV/0! | FB21: #DIV/0! | FC21: 30 | FD21: 32/47 | FJ21: MC | FK21: 26 | FL21: MC | FN21: 30 | FO21: 47 | FP21: 0.68085106 | FQ21: 32 | FR21: 0.64198459 | FS21: 73.95584 | FT21: 0.38297872 | FU21: 0.83196026 | FV21: 79.728431 | FW21: 0.14893617 | FX21: 0.45197351 | FY21: 67.435597 | FZ21: 0.063829787 | GA21: 0.051080479 | GB21: 52.03693 | GC21: 0.68731808 | GD21: 0.72 | GE21: 0.70365904 | GF21: 1.0500138 | GG21: 85.314411 | GH21: 34 | GI21: 0.64971419 | GJ21: 0.81 | GK21: 0.7298571 | GL21: 1.4369262 | GM21: 92.463051 | GN21: 72 | GO21: 0.48556793 | GP21: 0.79 | GQ21: 0.63778397 | GR21: 1.2824744 | GS21: 90.016187 | GT21: 158 | GU21: 70.16129 | GV21: 11 | GW21: 15 | GX21: 0.01805 | GY21: 0.11035 | GZ21: 0.22805 | HA21: 35 | HB21: 360 | HC21: 164 | HD21: -0.0097277778 | HE21: -0.011080435 | HF21: 0.0049439394 | HH21: =IFERROR(RANK(HI21,HI$4:HI$1100),"") -> 11 | HI21: =IFERROR(((J21*G$1)+(N21*K$1)+(R21*O$1)+(V21*S$1)+(Z21*W$1)+(AD21*AA$1)+(AH21*AE$1)+(AL21*AI$1)+(AP21*AM$1)+(AT21*AQ$1)+(AX21*AU$1)+(BB21*AY$1)+(BF21*BC$1)+(BJ21*BG$1)+(BN21*BK$1)+(BR21*BO$1)+(BV21*BS$1)+(BZ21*BW$1)+(CD21*CA$1)+(CH21*CE$1)+(CL21*CI$1)+(CP21*CM$1)+(CT21*CQ$1)+(CX21*CU$1)+(DB21*CY$1)+(DF21*DC$1)+(DJ21*DG$1)+(DN21*DK$1)+(DQ21*DO$1)+(DT21*DR$1)+(DW21*DU$1)+(EU21*EU$1)+(EY21*EV$1)+(FC21*EZ$1)+(FS21*FP$1)+(GB21*FZ$1)+(FY21*FW$1)+(FV21*FT$1)+(GG21*GE$1)+(GM21*GK$1)+(GS21*GQ$1)+(GU21*GU$1))*(1+HG21),"") -> 75.448917 | HJ21: 9000 | HK21: 0.1472 | HL21: =IFERROR(GV21-HH21,"") -> 0 | HM21: =IFERROR(HI21/(HJ21/1000),0) -> 8.383213 | HN21: 10300 | HO21: 0.1636 | HP21: =GW21-HH21 -> 4 | HQ21: =HI21/(HN21/1000) -> 7.3251375
A22: Paul Peterson | B22: 260 | C22: 2000 | D22: 650 | E22: 36 | F22: 28.125 | G22: -0.49 | H22: 99 | I22: -1.1057606 | J22: 13.441508 | K22: -0.44 | L22: 98 | M22: -0.9341077 | N22: 17.512417 | O22: -0.7 | P22: 115 | Q22: -1.7163468 | R22: 4.3049292 | S22: 88.8 | T22: 6 | U22: 1.5059645 | V22: 93.396186 | W22: 86.5 | X22: 8 | Y22: 1.4523957 | Z22: 92.680419 | AA22: 86.5 | AB22: 5 | AC22: 1.5845955 | AD22: 94.347087 | AE22: 0.32 | AF22: 30 | AG22: 0.610732 | AH22: 72.931149 | AI22: 0.23 | AJ22: 32 | AK22: 0.64982835 | AL22: 74.209845 | AM22: 0.33 | AN22: 18 | AO22: 0.86935417 | AP22: 80.767328 | AT22: 74.209845 | AX22: 74.209845 | BB22: 74.209845 | BC22: 0.2 | BD22: 19 | BE22: 0.72953048 | BF22: 76.716138 | BG22: 0.21 | BH22: 19 | BI22: 0.76747817 | BJ22: 77.860137 | BK22: 0.15 | BL22: 25 | BM22: 0.64399591 | BN22: 74.021096 | BO22: -0.28 | BP22: 81 | BQ22: -0.52060063 | BR22: 30.132251 | BS22: -0.09 | BT22: 66 | BU22: -0.11534036 | BV22: 45.408768 | BW22: -0.09 | BX22: 69 | BY22: -0.10185976 | BZ22: 45.9434 | CA22: -0.04 | CB22: 66 | CC22: 0.055368186 | CD22: 52.207743 | CE22: 0.12 | CF22: 44 | CG22: 0.31200895 | CH22: 62.248314 | CI22: 0.37 | CJ22: 36 | CK22: 0.36257357 | CL22: 64.153827 | CM22: 0.02 | CN22: 53 | CO22: 0.24211753 | CP22: 59.565545 | CQ22: 17.7 | CR22: 115 | CS22: -1.7197368 | CT22: 4.2740149 | CU22: 20.3 | CV22: 77 | CW22: -0.2587496 | CX22: 39.791422 | CY22: 22.2 | CZ22: 51 | DA22: 0.29515461 | DB22: 61.606211 | DC22: 88.9 | DD22: 5 | DE22: 1.4953696 | DF22: 93.259099 | DG22: 86.1 | DH22: 19 | DI22: 0.77981953 | DJ22: 78.225144 | DK22: 85.1 | DL22: 52 | DM22: 0.208443 | DN22: 58.255846 | DQ22: 0 | DT22: 0 | DW22: 0 | DX22: #N/A | DY22: #N/A | DZ22: #N/A | EA22: #N/A | EB22: #N/A | EH22: -0.5 | EI22: #DIV/0! | EJ22: 0 | EK22: 0 | EL22: #DIV/0! | EM22: 0 | EN22: 0 | EO22: #DIV/0! | EP22: 0 | EQ22: 10 | ER22: 2.5 | ES22: #DIV/0! | ET22: 0 | EU22: 0 | EV22: 0.46 | EW22: 0.27923841 | EX22: 0.27923841 | EY22: 60.996907 | EZ22: 0 | FA22: #DIV/0! | FB22: #DIV/0! | FC22: 30 | FD22: 23/47 | FE22: 27 | FH22: 23 | FI22: 48 | FJ22: 37 | FL22: MC | FM22: 24 | FN22: 49 | FO22: 47 | FP22: 0.4893617 | FQ22: 23 | FR22: -0.46669031 | FS22: 32.036073 | FT22: 0.27659574 | FU22: 0.0032982904 | FV22: 50.131583 | FW22: 0.14893617 | FX22: 0.45197351 | FY22: 67.435597 | FZ22: 0.063829787 | GA22: 0.051080479 | GB22: 52.03693 | GC22: 0.41334783 | GD22: -0.54 | GE22: -0.063326086 | GF22: 0.14675039 | GG22: 55.833548 | GH22: 40 | GI22: 0.37449695 | GJ22: -0.36 | GK22: 0.0072484758 | GL22: 0.37207846 | GM22: 64.508278 | GN22: 70 | GO22: 0.2007882 | GP22: -0.64 | GQ22: -0.2196059 | GR22: -0.11796474 | GS22: 45.30478 | GT22: 140 | GU22: 25 | GV22: 78 | GW22: 89 | GX22: 0.00205 | GY22: 0.02075 | GZ22: 0.05535 | HA22: 260 | HB22: 2000 | HC22: 650 | HD22: -0.0017814176 | HE22: 0.0029690476 | HF22: -0.0072833333 | HH22: =IFERROR(RANK(HI22,HI$4:HI$1100),"") -> 51 | HI22: =IFERROR(((J22*G$1)+(N22*K$1)+(R22*O$1)+(V22*S$1)+(Z22*W$1)+(AD22*AA$1)+(AH22*AE$1)+(AL22*AI$1)+(AP22*AM$1)+(AT22*AQ$1)+(AX22*AU$1)+(BB22*AY$1)+(BF22*BC$1)+(BJ22*BG$1)+(BN22*BK$1)+(BR22*BO$1)+(BV22*BS$1)+(BZ22*BW$1)+(CD22*CA$1)+(CH22*CE$1)+(CL22*CI$1)+(CP22*CM$1)+(CT22*CQ$1)+(CX22*CU$1)+(DB22*CY$1)+(DF22*DC$1)+(DJ22*DG$1)+(DN22*DK$1)+(DQ22*DO$1)+(DT22*DR$1)+(DW22*DU$1)+(EU22*EU$1)+(EY22*EV$1)+(FC22*EZ$1)+(FS22*FP$1)+(GB22*FZ$1)+(FY22*FW$1)+(FV22*FT$1)+(GG22*GE$1)+(GM22*GK$1)+(GS22*GQ$1)+(GU22*GU$1))*(1+HG22),"") -> 55.278612 | HJ22: 6600 | HK22: 0.0059 | HL22: =IFERROR(GV22-HH22,"") -> 27 | HM22: =IFERROR(HI22/(HJ22/1000),0) -> 8.3755473 | HN22: 7600 | HO22: 0.0068 | HP22: =GW22-HH22 -> 38 | HQ22: =HI22/(HN22/1000) -> 7.2735016
A23: Chandler Phillips | B23: 84 | C23: 800 | D23: 380 | E23: 87 | F23: 67.96875 | G23: 0.13 | H23: 50 | I23: 0.35328128 | J23: 63.806121 | K23: 0.04 | L23: 54 | M23: 0.24798962 | N23: 59.792878 | O23: -0.13 | P23: 75 | Q23: -0.17837105 | R23: 42.921579 | S23: 85.4 | T23: 39 | U23: 0.6221246 | V23: 73.307003 | W23: 80.9 | X23: 60 | Y23: -0.031715491 | Z23: 48.734947 | AA23: 80.8 | AB23: 71 | AC23: -0.11985146 | AD23: 45.230041 | AE23: 0.04 | AF23: 60 | AG23: 0.11224885 | AH23: 54.468695 | AI23: -0.44 | AJ23: 98 | AK23: -0.72046566 | AL23: 23.561917 | AM23: -0.5 | AN23: 106 | AO23: -0.86840746 | AP23: 19.258566 | AT23: 23.561917 | AX23: 23.561917 | BB23: 23.561917 | BC23: 0.56 | BD23: 1 | BE23: 2.0196873 | BF23: 97.829208 | BG23: 0.31 | BH23: 10 | BI23: 1.1284474 | BJ23: 87.043449 | BK23: 0.26 | BL23: 15 | BM23: 1.0398296 | BN23: 85.079046 | BO23: 0.59 | BP23: 12 | BQ23: 1.2669479 | BR23: 89.741303 | BS23: 0.23 | BT23: 31 | BU23: 0.71268101 | BV23: 76.197842 | BW23: 0.32 | BX23: 21 | BY23: 0.99272069 | BZ23: 83.957695 | CA23: 0.81 | CB23: 8 | CC23: 1.4434001 | CD23: 92.554611 | CE23: 0.79 | CF23: 17 | CG23: 1.0241171 | CH23: 84.711003 | CI23: 0.64 | CJ23: 22 | CK23: 0.85777753 | CL23: 80.449234 | CM23: 0.27 | CN23: 35 | CO23: 0.5327348 | CP23: 70.289141 | CQ23: 25.5 | CR23: 5 | CS23: 1.4967756 | CT23: 93.277417 | CU23: 22.4 | CV23: 26 | CW23: 0.71184554 | CX23: 76.171978 | CY23: 22.4 | CZ23: 49 | DA23: 0.39996804 | DB23: 65.540997 | DC23: 87.5 | DD23: 16 | DE23: 0.97963878 | DF23: 83.636777 | DG23: 83.5 | DH23: 78 | DI23: -0.25775914 | DJ23: 39.82964 | DK23: 84.5 | DL23: 66 | DM23: -0.076315196 | DN23: 46.958417 | DQ23: 0 | DT23: 0 | DW23: 0 | DX23: #N/A | DY23: #N/A | DZ23: #N/A | EA23: #N/A | EB23: #N/A | EH23: -0.5 | EI23: #DIV/0! | EJ23: 0 | EK23: 0 | EL23: #DIV/0! | EM23: 0 | EN23: 0 | EO23: #DIV/0! | EP23: 0 | EQ23: 10 | ER23: 2.5 | ES23: #DIV/0! | ET23: 0 | EU23: 0 | EV23: 0.48 | EW23: 0.30671786 | EX23: 0.30671786 | EY23: 62.047093 | EZ23: 0 | FA23: #DIV/0! | FB23: #DIV/0! | FC23: 30 | FD23: 27/47 | FJ23: 22 | FK23: MC | FL23: 3 | FN23: 15 | FO23: 47 | FP23: 0.57446809 | FQ23: 27 | FR23: 0.026054089 | FS23: 51.03929 | FT23: 0.34042553 | FU23: 0.50049547 | FV23: 69.163688 | FW23: 0.12765957 | FX23: 0.1511897 | FY23: 56.008696 | FZ23: 0.042553191 | GA23: -0.3803686 | GB23: 35.183591 | GC23: 0.96445242 | GD23: 1.04 | GE23: 1.0022262 | GF23: 1.4016305 | GG23: 91.948719 | GH23: 28 | GI23: 0.025369215 | GJ23: -0.18 | GK23: -0.077315392 | GL23: 0.24746378 | GM23: 59.772534 | GN23: 64 | GO23: 0.054984806 | GP23: -0.21 | GQ23: -0.077507597 | GR23: 0.11413508 | GS23: 54.543464 | GT23: 149 | GU23: 64.516129 | GV23: 48 | GW23: 43 | GX23: 0.01025 | GY23: 0.0632 | GZ23: 0.1334 | HA23: 84 | HB23: 800 | HC23: 380 | HD23: -0.0015147059 | HE23: 0.011177778 | HF23: 0.029016667 | HH23: =IFERROR(RANK(HI23,HI$4:HI$1100),"") -> 31 | HI23: =IFERROR(((J23*G$1)+(N23*K$1)+(R23*O$1)+(V23*S$1)+(Z23*W$1)+(AD23*AA$1)+(AH23*AE$1)+(AL23*AI$1)+(AP23*AM$1)+(AT23*AQ$1)+(AX23*AU$1)+(BB23*AY$1)+(BF23*BC$1)+(BJ23*BG$1)+(BN23*BK$1)+(BR23*BO$1)+(BV23*BS$1)+(BZ23*BW$1)+(CD23*CA$1)+(CH23*CE$1)+(CL23*CI$1)+(CP23*CM$1)+(CT23*CQ$1)+(CX23*CU$1)+(DB23*CY$1)+(DF23*DC$1)+(DJ23*DG$1)+(DN23*DK$1)+(DQ23*DO$1)+(DT23*DR$1)+(DW23*DU$1)+(EU23*EU$1)+(EY23*EV$1)+(FC23*EZ$1)+(FS23*FP$1)+(GB23*FZ$1)+(FY23*FW$1)+(FV23*FT$1)+(GG23*GE$1)+(GM23*GK$1)+(GS23*GQ$1)+(GU23*GU$1))*(1+HG23),"") -> 63.860525 | HJ23: 7100 | HK23: 0.0224 | HL23: =IFERROR(GV23-HH23,"") -> 17 | HM23: =IFERROR(HI23/(HJ23/1000),0) -> 8.9944401 | HN23: 8800 | HO23: 0.0184 | HP23: =GW23-HH23 -> 12 | HQ23: =HI23/(HN23/1000) -> 7.2568778
A24: David Skinns | B24: 160 | C24: 1400 | D24: 550 | E24: 58 | F24: 45.3125 | G24: -0.1 | H24: 69 | I24: -0.18797619 | J24: 42.544766 | K24: -0.08 | L24: 67 | M24: -0.047534715 | N24: 48.104353 | O24: -0.08 | P24: 67 | Q24: -0.043460895 | R24: 48.266707 | S24: 83.6 | T24: 55 | U24: 0.15420935 | V24: 56.127767 | W24: 82 | X24: 49 | Y24: 0.25980635 | Z24: 60.249342 | AA24: 82.8 | AB24: 44 | AC24: 0.4782001 | AD24: 68.374611 | AE24: 0.37 | AF24: 26 | AG24: 0.69974685 | AH24: 75.795729 | AI24: 0.15 | AJ24: 40 | AK24: 0.48621115 | AL24: 68.659127 | AM24: 0.23 | AN24: 29 | AO24: 0.6599853 | AP24: 74.536837 | AT24: 68.659127 | AX24: 68.659127 | BB24: 68.659127 | BC24: 0.4 | BD24: 7 | BE24: 1.4462843 | BF24: 92.595126 | BG24: 0.14 | BH24: 31 | BI24: 0.51479973 | BJ24: 69.665351 | BK24: 0.17 | BL24: 21 | BM24: 0.71596567 | BN24: 76.299373 | BO24: -0.18 | BP24: 74 | BQ24: -0.31513528 | BR24: 37.632947 | BS24: 0.07 | BT24: 50 | BU24: 0.29867033 | BV24: 61.74042 | BW24: -0.15 | BX24: 75 | BY24: -0.26204226 | BZ24: 39.664443 | CA24: 0.15 | CB24: 44 | CC24: 0.36563415 | CD24: 64.268096 | CE24: 0.31 | CF24: 32 | CG24: 0.51395008 | CH24: 69.635655 | CI24: 0.32 | CJ24: 39 | CK24: 0.27086914 | CL24: 60.675416 | CM24: 0.21 | CN24: 41 | CO24: 0.46298665 | CP24: 67.831303 | CQ24: 22.8 | CR24: 43 | CS24: 0.38336746 | CT24: 64.927634 | CU24: 21.7 | CV24: 42 | CW24: 0.38831382 | CX24: 65.11081 | CY24: 21.7 | CZ24: 69 | DA24: 0.033121043 | DB24: 51.321097 | DC24: 87.5 | DD24: 16 | DE24: 0.97963878 | DF24: 83.636777 | DG24: 86.5 | DH24: 13 | DI24: 0.93944701 | DJ24: 82.624936 | DK24: 86.2 | DL24: 24 | DM24: 0.73049969 | DN24: 76.74576 | DQ24: 0 | DT24: 0 | DW24: 0 | DX24: #N/A | DY24: #N/A | DZ24: #N/A | EA24: #N/A | EB24: #N/A | EH24: -0.5 | EI24: #DIV/0! | EJ24: 0 | EK24: 0 | EL24: #DIV/0! | EM24: 0 | EN24: 0 | EO24: #DIV/0! | EP24: 0 | EQ24: 10 | ER24: 2.5 | ES24: #DIV/0! | ET24: 0 | EU24: 0 | EV24: -0.36 | EW24: -0.84741891 | EX24: -0.84741891 | EY24: 19.838083 | EZ24: 0 | FA24: #DIV/0! | FB24: #DIV/0! | FC24: 30 | FD24: 24/42 | FJ24: 22 | FL24: MC | FM24: 30 | FN24: MC | FO24: 42 | FP24: 0.57142857 | FQ24: 24 | FR24: 0.0084560748 | FS24: 50.337345 | FT24: 0.33333333 | FU24: 0.44525134 | FV24: 67.193094 | FW24: 0.11904762 | FX24: 0.029443873 | FY24: 51.174471 | FZ24: 0.023809524 | GA24: -0.76045469 | GB24: 22.349142 | GC24: 0.10459712 | GD24: 0.05 | GE24: 0.077298558 | GF24: 0.31236128 | GG24: 62.261701 | GH24: 24 | GI24: 0.29888736 | GJ24: -0.1 | GK24: 0.099443678 | GL24: 0.50793879 | GM24: 69.425186 | GN24: 52 | GO24: 0.07204078 | GP24: -0.54 | GQ24: -0.23397961 | GR24: -0.1414424 | GS24: 44.376023 | GT24: 133 | GU24: 36.290323 | GV24: 65 | GW24: 65 | GX24: 0.0065 | GY24: 0.0424 | GZ24: 0.09785 | HA24: 160 | HB24: 1400 | HC24: 550 | HD24: 0.00028881988 | HE24: 0.024516667 | HF24: 0.037176923 | HH24: =IFERROR(RANK(HI24,HI$4:HI$1100),"") -> 45 | HI24: =IFERROR(((J24*G$1)+(N24*K$1)+(R24*O$1)+(V24*S$1)+(Z24*W$1)+(AD24*AA$1)+(AH24*AE$1)+(AL24*AI$1)+(AP24*AM$1)+(AT24*AQ$1)+(AX24*AU$1)+(BB24*AY$1)+(BF24*BC$1)+(BJ24*BG$1)+(BN24*BK$1)+(BR24*BO$1)+(BV24*BS$1)+(BZ24*BW$1)+(CD24*CA$1)+(CH24*CE$1)+(CL24*CI$1)+(CP24*CM$1)+(CT24*CQ$1)+(CX24*CU$1)+(DB24*CY$1)+(DF24*DC$1)+(DJ24*DG$1)+(DN24*DK$1)+(DQ24*DO$1)+(DT24*DR$1)+(DW24*DU$1)+(EU24*EU$1)+(EY24*EV$1)+(FC24*EZ$1)+(FS24*FP$1)+(GB24*FZ$1)+(FY24*FW$1)+(FV24*FT$1)+(GG24*GE$1)+(GM24*GK$1)+(GS24*GQ$1)+(GU24*GU$1))*(1+HG24),"") -> 59.480662 | HJ24: 6800 | HK24: 0.0138 | HL24: =IFERROR(GV24-HH24,"") -> 20 | HM24: =IFERROR(HI24/(HJ24/1000),0) -> 8.7471562 | HN24: 8200 | HO24: 0.0208 | HP24: =GW24-HH24 -> 20 | HQ24: =HI24/(HN24/1000) -> 7.2537393
A25: William Mouw | B25: 100 | C25: 1000 | D25: 430 | E25: 79 | F25: 61.71875 | G25: 0.04 | H25: 61 | I25: 0.14148488 | J25: 55.625655 | K25: 0.13 | L25: 47 | M25: 0.46963286 | N25: 68.069133 | O25: 0.07 | P25: 46 | Q25: 0.36126957 | R25: 64.105103 | S25: 83.3 | T25: 59 | U25: 0.076223481 | V25: 53.037935 | W25: 82 | X25: 49 | Y25: 0.25980635 | Z25: 60.249342 | AA25: 83.4 | AB25: 32 | AC25: 0.65761557 | AD25: 74.460741 | AE25: 0.93 | AF25: 4 | AG25: 1.6967132 | AH25: 95.512455 | AI25: 0.56 | AJ25: 6 | AK25: 1.3247493 | AL25: 90.737284 | AM25: 0.38 | AN25: 14 | AO25: 0.97403861 | AP25: 83.498131 | AT25: 90.737284 | AX25: 90.737284 | BB25: 90.737284 | BC25: -0.12 | BD25: 86 | BE25: -0.4172756 | BF25: 33.823842 | BG25: -0.09 | BH25: 83 | BI25: -0.31542943 | BJ25: 37.621781 | BK25: -0.19 | BL25: 97 | BM25: -0.57949001 | BN25: 28.112929 | BO25: -0.51 | BP25: 98 | BQ25: -0.99317092 | BR25: 16.031333 | BS25: -0.43 | BT25: 100 | BU25: -0.99511306 | BV25: 15.984064 | BW25: -0.37 | BX25: 100 | BY25: -0.84937811 | BZ25: 19.783546 | CA25: -0.48 | CB25: 105 | CC25: -0.66314247 | CD25: 25.361966 | CE25: 0.75 | CF25: 19 | CG25: 0.98160322 | CH25: 83.685232 | CI25: 0.31 | CJ25: 42 | CK25: 0.25252825 | CL25: 59.968361 | CM25: 0.25 | CN25: 37 | CO25: 0.50948541 | CP25: 69.479399 | CQ25: 20.8 | CR25: 77 | CS25: -0.44137931 | CT25: 32.946921 | CU25: 20.9 | CV25: 62 | CW25: 0.018563295 | CX25: 50.740526 | CY25: 21.6 | CZ25: 70 | DA25: -0.019285671 | DB25: 49.230661 | DC25: 85.2 | DD25: 55 | DE25: 0.13236674 | DF25: 55.265289 | DG25: 83.9 | DH25: 70 | DI25: -0.098131652 | DJ25: 46.091388 | DK25: 85 | DL25: 54 | DM25: 0.1609833 | DN25: 56.394672 | DQ25: 0 | DT25: 0 | DW25: 0 | DX25: #N/A | DY25: #N/A | DZ25: #N/A | EA25: #N/A | EB25: #N/A | EH25: -0.5 | EI25: #DIV/0! | EJ25: 0 | EK25: 0 | EL25: #DIV/0! | EM25: 0 | EN25: 0 | EO25: #DIV/0! | EP25: 0 | EQ25: 10 | ER25: 2.5 | ES25: #DIV/0! | ET25: 0 | EU25: 0 | EV25: 1.04 | EW25: 1.0761424 | EX25: 1.0761424 | EY25: 85.906821 | EZ25: 0 | FA25: #DIV/0! | FB25: #DIV/0! | FC25: 30 | FD25: 26/43 | FJ25: MC | FK25: 68 | FL25: MC | FN25: 10 | FO25: 43 | FP25: 0.60465116 | FQ25: 26 | FR25: 0.20080646 | FS25: 57.957505 | FT25: 0.37209302 | FU25: 0.74716694 | FV25: 77.25186 | FW25: 0.11627907 | FX25: -0.0096946626 | FY25: 49.613245 | FZ25: 0.093023256 | GA25: 0.64306875 | GB25: 73.991025 | GC25: 0.15622193 | GD25: 0.11 | GE25: 0.13311097 | GF25: 0.37809046 | GG25: 64.73183 | GH25: 32 | GI25: 0.012279209 | GJ25: 0.18 | GK25: 0.096139605 | GL25: 0.50306985 | GM25: 69.254242 | GN25: 65 | GO25: 0.10665133 | GP25: 0.01 | GQ25: 0.058325667 | GR25: 0.33600174 | GS25: 63.156522 | GT25: 138 | GU25: 60.483871 | GV25: 48 | GW25: 46 | GX25: 0.0131 | GY25: 0.06815 | GZ25: 0.1351 | HA25: 100 | HB25: 1000 | HC25: 430 | HD25: 0.0031990099 | HE25: 0.0351 | HF25: 0.048118868 | HH25: =IFERROR(RANK(HI25,HI$4:HI$1100),"") -> 33 | HI25: =IFERROR(((J25*G$1)+(N25*K$1)+(R25*O$1)+(V25*S$1)+(Z25*W$1)+(AD25*AA$1)+(AH25*AE$1)+(AL25*AI$1)+(AP25*AM$1)+(AT25*AQ$1)+(AX25*AU$1)+(BB25*AY$1)+(BF25*BC$1)+(BJ25*BG$1)+(BN25*BK$1)+(BR25*BO$1)+(BV25*BS$1)+(BZ25*BW$1)+(CD25*CA$1)+(CH25*CE$1)+(CL25*CI$1)+(CP25*CM$1)+(CT25*CQ$1)+(CX25*CU$1)+(DB25*CY$1)+(DF25*DC$1)+(DJ25*DG$1)+(DN25*DK$1)+(DQ25*DO$1)+(DT25*DR$1)+(DW25*DU$1)+(EU25*EU$1)+(EY25*EV$1)+(FC25*EZ$1)+(FS25*FP$1)+(GB25*FZ$1)+(FY25*FW$1)+(FV25*FT$1)+(GG25*GE$1)+(GM25*GK$1)+(GS25*GQ$1)+(GU25*GU$1))*(1+HG25),"") -> 62.526752 | HJ25: 7100 | HK25: 0.0511 | HL25: =IFERROR(GV25-HH25,"") -> 15 | HM25: =IFERROR(HI25/(HJ25/1000),0) -> 8.8065848 | HN25: 8700 | HO25: 0.0614 | HP25: =GW25-HH25 -> 13 | HQ25: =HI25/(HN25/1000) -> 7.186983
A26: Benjamin James | B26: 28 | C26: 333 | D26: 150 | E26: 124 | F26: 96.875 | G26: 0.32 | H26: 28 | I26: 0.80040701 | J26: 78.826249 | K26: 0.32 | L26: 21 | M26: 0.93754638 | N26: 82.576121 | O26: 0.32 | P26: 19 | Q26: 1.0358203 | R26: 84.985702 | S26: 84.3 | T26: 52 | U26: 0.33617639 | V26: 63.163107 | W26: 84.3 | X26: 25 | Y26: 0.86935201 | Z26: 80.767269 | AA26: 84.3 | AB26: 20 | AC26: 0.92673878 | AD26: 82.296891 | AE26: 0.36 | AF26: 27 | AG26: 0.68194388 | AH26: 75.236278 | AI26: 0.36 | AJ26: 21 | AK26: 0.91570629 | AL26: 82.008952 | AM26: 0.36 | AN26: 15 | AO26: 0.93216483 | AP26: 82.437433 | AT26: 82.008952 | AX26: 82.008952 | BB26: 82.008952 | BC26: 0.05 | BD26: 55 | BE26: 0.19196513 | BF26: 57.611524 | BG26: 0.05 | BH26: 49 | BI26: 0.18992745 | BJ26: 57.531701 | BK26: 0.05 | BL26: 46 | BM26: 0.28414711 | BN26: 61.185118 | BO26: 0.37 | BP26: 32 | BQ26: 0.81492411 | BR26: 79.244212 | BS26: 0.37 | BT26: 19 | BU26: 1.0749404 | BV26: 85.879928 | BW26: 0.37 | BX26: 16 | BY26: 1.1262061 | BZ26: 86.996086 | CA26: -0.09 | CB26: 71 | CC26: -0.026280752 | CD26: 48.95167 | CE26: 1.39 | CF26: 6 | CG26: 1.661826 | CH26: 95.172616 | CI26: 1.39 | CJ26: 3 | CK26: 2.2333441 | CL26: 98.723687 | CM26: 1.39 | CN26: 3 | CO26: 1.8347001 | CP26: 96.672493 | CQ26: 23.1 | CR26: 38 | CS26: 0.50707947 | CT26: 69.395047 | CU26: 23.1 | CV26: 16 | CW26: 1.0353773 | CX26: 84.975362 | CY26: 23.1 | CZ26: 22 | DA26: 0.76681504 | DB26: 77.840425 | DC26: 87 | DD26: 23 | DE26: 0.79544921 | DF26: 78.682388 | DG26: 87 | DH26: 10 | DI26: 1.1389814 | DJ26: 87.264454 | DK26: 87 | DL26: 11 | DM26: 1.1101773 | DN26: 86.653868 | DQ26: 0 | DT26: 0 | DW26: 0 | DX26: #N/A | DY26: #N/A | DZ26: #N/A | EA26: #N/A | EB26: #N/A | EH26: -0.5 | EI26: #DIV/0! | EJ26: 0 | EK26: 0 | EL26: #DIV/0! | EM26: 0 | EN26: 0 | EO26: #DIV/0! | EP26: 0 | EQ26: 10 | ER26: 2.5 | ES26: #DIV/0! | ET26: 0 | EU26: 0 | EV26: 0.968 | EW26: 0.97721636 | EX26: 0.97721636 | EY26: 83.576897 | EZ26: 0 | FA26: #DIV/0! | FB26: #DIV/0! | FC26: 30 | FD26: 8/11 | FJ26: 3 | FK26: 38 | FL26: MC | FM26: 4 | FN26: 15 | FO26: 11 | FP26: 0.72727273 | FQ26: 8 | FR26: 0.91075426 | FS26: 81.878757 | FT26: 0.45454545 | FU26: 1.3894238 | FV26: 91.764804 | FW26: 0.18181818 | FX26: 0.91682121 | FY26: 82.038183 | FZ26: 0.18181818 | GA26: 2.4436617 | GB26: 99.273047 | GC26: 1.0950287 | GD26: 0.95 | GE26: 1.0225144 | GF26: 1.4255234 | GG26: 92.299702 | GH26: 30 | GI26: 1.0950287 | GJ26: 0.95 | GK26: 1.0225144 | GL26: 1.8681906 | GM26: 96.913225 | GN26: 30 | GO26: 0.86676756 | GP26: 0.95 | GQ26: 0.90838378 | GR26: 1.7244654 | GS26: 95.768807 | GT26: 38 | GU26: 52.419355 | GV26: 6 | GW26: 5 | GX26: 0.08135 | GY26: 0.24955 | GZ26: 0.3789 | HA26: 28 | HB26: 333 | HC26: 150 | HD26: 0.046867241 | HE26: 0.12485843 | HF26: 0.1019 | HH26: =IFERROR(RANK(HI26,HI$4:HI$1100),"") -> 3 | HI26: =IFERROR(((J26*G$1)+(N26*K$1)+(R26*O$1)+(V26*S$1)+(Z26*W$1)+(AD26*AA$1)+(AH26*AE$1)+(AL26*AI$1)+(AP26*AM$1)+(AT26*AQ$1)+(AX26*AU$1)+(BB26*AY$1)+(BF26*BC$1)+(BJ26*BG$1)+(BN26*BK$1)+(BR26*BO$1)+(BV26*BS$1)+(BZ26*BW$1)+(CD26*CA$1)+(CH26*CE$1)+(CL26*CI$1)+(CP26*CM$1)+(CT26*CQ$1)+(CX26*CU$1)+(DB26*CY$1)+(DF26*DC$1)+(DJ26*DG$1)+(DN26*DK$1)+(DQ26*DO$1)+(DT26*DR$1)+(DW26*DU$1)+(EU26*EU$1)+(EY26*EV$1)+(FC26*EZ$1)+(FS26*FP$1)+(GB26*FZ$1)+(FY26*FW$1)+(FV26*FT$1)+(GG26*GE$1)+(GM26*GK$1)+(GS26*GQ$1)+(GU26*GU$1))*(1+HG26),"") -> 81.927965 | HJ26: 9500 | HK26: 0.1447 | HL26: =IFERROR(GV26-HH26,"") -> 3 | HM26: =IFERROR(HI26/(HJ26/1000),0) -> 8.6239963 | HN26: 11400 | HO26: 0.1001 | HP26: =GW26-HH26 -> 2 | HQ26: =HI26/(HN26/1000) -> 7.1866636
A27: Andrew Putnam | B27: 105 | C27: 850 | D27: 350 | E27: 77 | F27: 60.15625 | G27: -0.99 | H27: 117 | I27: -2.2824073 | J27: 1.1232654 | K27: -0.66 | L27: 112 | M27: -1.4759023 | N27: 6.998506 | O27: -0.68 | P27: 114 | Q27: -1.6623828 | R27: 4.8218028 | S27: 82.6 | T27: 67 | U27: -0.10574356 | V27: 45.789291 | W27: 83 | X27: 38 | Y27: 0.5248262 | Z27: 70.014799 | AA27: 82.6 | AB27: 46 | AC27: 0.41839495 | AD27: 66.217081 | AE27: 0.2 | AF27: 43 | AG27: 0.39709637 | AH27: 65.43518 | AI27: 0.21 | AJ27: 35 | AK27: 0.60892405 | AL27: 72.871261 | AM27: 0.23 | AN27: 29 | AO27: 0.6599853 | AP27: 74.536837 | AT27: 72.871261 | AX27: 72.871261 | BB27: 72.871261 | BC27: 0.05 | BD27: 55 | BE27: 0.19196513 | BF27: 57.611524 | BG27: 0.4 | BH27: 4 | BI27: 1.4533197 | BJ27: 92.693249 | BK27: 0.37 | BL27: 5 | BM27: 1.4356633 | BN27: 92.445091 | BO27: 0.38 | BP27: 29 | BQ27: 0.83547064 | BR27: 79.827362 | BS27: 0.43 | BT27: 14 | BU27: 1.2301944 | BV27: 89.068784 | BW27: 0.25 | BX27: 29 | BY27: 0.8058411 | BZ27: 78.983276 | CA27: 0.62 | CB27: 15 | CC27: 1.1331342 | CD27: 87.142104 | CE27: 0.27 | CF27: 35 | CG27: 0.47143616 | CH27: 68.133535 | CI27: 0.83 | CJ27: 16 | CK27: 1.2062544 | CL27: 88.614029 | CM27: 0.78 | CN27: 17 | CO27: 1.125594 | CP27: 86.98313 | CQ27: 18.9 | CR27: 107 | CS27: -1.2248887 | CT27: 11.030857 | CU27: 19.3 | CV27: 96 | CW27: -0.72093776 | CX27: 23.54739 | CY27: 20.4 | CZ27: 103 | DA27: -0.64816624 | DB27: 25.843872 | DC27: 83.8 | DD27: 84 | DE27: -0.38336406 | DF27: 35.072492 | DG27: 86 | DH27: 24 | DI27: 0.73991266 | DJ27: 77.03235 | DK27: 85.6 | DL27: 41 | DM27: 0.44574149 | DN27: 67.210801 | DQ27: 0 | DT27: 0 | DW27: 0 | DX27: #N/A | DY27: #N/A | DZ27: #N/A | EA27: #N/A | EB27: #N/A | EH27: -0.5 | EI27: #DIV/0! | EJ27: 0 | EK27: 0 | EL27: #DIV/0! | EM27: 0 | EN27: 0 | EO27: #DIV/0! | EP27: 0 | EQ27: 10 | ER27: 2.5 | ES27: #DIV/0! | ET27: 0 | EU27: 0 | EV27: -0.04 | EW27: -0.40774776 | EX27: -0.40774776 | EY27: 34.172943 | EZ27: 0 | FA27: #DIV/0! | FB27: #DIV/0! | FC27: 30 | FD27: 31/48 | FJ27: 54 | FK27: MC | FL27: MC | FN27: 52 | FO27: 48 | FP27: 0.64583333 | FQ27: 31 | FR27: 0.4392408 | FS27: 66.975647 | FT27: 0.3125 | FU27: 0.2829717 | FV27: 61.140074 | FW27: 0.14583333 | FX27: 0.4081092 | FY27: 65.840325 | FZ27: 0.0625 | GA27: 0.024114912 | GB27: 50.961953 | GC27: 0.0045045303 | GD27: -0.45 | GE27: -0.22274773 | GF27: -0.040997361 | GG27: 48.3649 | GH27: 30 | GI27: 0.27315474 | GJ27: 0.53 | GK27: 0.40157737 | GL27: 0.95316786 | GM27: 82.974749 | GN27: 72 | GO27: 0.39253435 | GP27: 0.1 | GQ27: 0.24626718 | GR27: 0.6429807 | GS27: 73.988169 | GT27: 156 | GU27: 77.419355 | GV27: 53 | GW27: 49 | GX27: 0.00845 | GY27: 0.0539 | GZ27: 0.1118 | HA27: 105 | HB27: 850 | HC27: 350 | HD27: -0.00098396226 | HE27: -0.0039894737 | HF27: -0.017505556 | HH27: =IFERROR(RANK(HI27,HI$4:HI$1100),"") -> 38 | HI27: =IFERROR(((J27*G$1)+(N27*K$1)+(R27*O$1)+(V27*S$1)+(Z27*W$1)+(AD27*AA$1)+(AH27*AE$1)+(AL27*AI$1)+(AP27*AM$1)+(AT27*AQ$1)+(AX27*AU$1)+(BB27*AY$1)+(BF27*BC$1)+(BJ27*BG$1)+(BN27*BK$1)+(BR27*BO$1)+(BV27*BS$1)+(BZ27*BW$1)+(CD27*CA$1)+(CH27*CE$1)+(CL27*CI$1)+(CP27*CM$1)+(CT27*CQ$1)+(CX27*CU$1)+(DB27*CY$1)+(DF27*DC$1)+(DJ27*DG$1)+(DN27*DK$1)+(DQ27*DO$1)+(DT27*DR$1)+(DW27*DU$1)+(EU27*EU$1)+(EY27*EV$1)+(FC27*EZ$1)+(FS27*FP$1)+(GB27*FZ$1)+(FY27*FW$1)+(FV27*FT$1)+(GG27*GE$1)+(GM27*GK$1)+(GS27*GQ$1)+(GU27*GU$1))*(1+HG27),"") -> 61.260661 | HJ27: 7000 | HK27: 0.0481 | HL27: =IFERROR(GV27-HH27,"") -> 15 | HM27: =IFERROR(HI27/(HJ27/1000),0) -> 8.751523 | HN27: 8600 | HO27: 0.0364 | HP27: =GW27-HH27 -> 11 | HQ27: =HI27/(HN27/1000) -> 7.1233326
A28: Chris Kirk | B28: 70 | C28: 600 | D28: 300 | E28: 89 | F28: 69.53125 | G28: -0.03 | H28: 66 | I28: -0.023245655 | J28: 49.072716 | K28: 0.04 | L28: 54 | M28: 0.24798962 | N28: 59.792878 | O28: 0.01 | P28: 55 | Q28: 0.19937738 | R28: 57.901622 | S28: 84.1 | T28: 54 | U28: 0.28418581 | V28: 61.186601 | W28: 81.7 | X28: 55 | Y28: 0.18030039 | Z28: 57.154163 | AA28: 82.9 | AB28: 40 | AC28: 0.50810268 | AD28: 69.430933 | AE28: 0.9 | AF28: 5 | AG28: 1.6433042 | AH28: 94.984 | AI28: 0.53 | AJ28: 8 | AK28: 1.2633928 | AL28: 89.677598 | AM28: 0.5 | AN28: 8 | AO28: 1.2252813 | AP28: 88.976537 | AT28: 89.677598 | AX28: 89.677598 | BB28: 89.677598 | BC28: -0.02 | BD28: 69 | BE28: -0.058898699 | BF28: 47.65164 | BG28: 0.21 | BH28: 19 | BI28: 0.76747817 | BJ28: 77.860137 | BK28: 0.07 | BL28: 44 | BM28: 0.35611687 | BN28: 63.912348 | BO28: -0.63 | BP28: 101 | BQ28: -1.2397293 | BR28: 10.753776 | BS28: -0.48 | BT28: 107 | BU28: -1.1244914 | BV28: 13.040231 | BW28: -0.5 | BX28: 109 | BY28: -1.1964402 | BZ28: 11.576241 | CA28: -0.36 | CB28: 91 | CC28: -0.46718502 | CD28: 32.018376 | CE28: 0.35 | CF28: 30 | CG28: 0.556464 | CH28: 71.105315 | CI28: 0.42 | CJ28: 31 | CK28: 0.45427801 | CL28: 67.518563 | CM28: 0.34 | CN28: 26 | CO28: 0.61410763 | CP28: 73.04279 | CQ28: 22.8 | CR28: 43 | CS28: 0.38336746 | CT28: 64.927634 | CU28: 21.7 | CV28: 42 | CW28: 0.38831382 | CX28: 65.11081 | CY28: 22.1 | CZ28: 56 | DA28: 0.2427479 | DB28: 59.589965 | DC28: 84.4 | DD28: 72 | DE28: -0.16233657 | DF28: 43.552041 | DG28: 83.7 | DH28: 74 | DI28: -0.1779454 | DJ28: 42.938293 | DK28: 84 | DL28: 80 | DM28: -0.31361369 | DN28: 37.690723 | DQ28: 0 | DT28: 0 | DW28: 0 | DX28: #N/A | DY28: #N/A | DZ28: #N/A | EA28: #N/A | EB28: #N/A | EH28: -0.5 | EI28: #DIV/0! | EJ28: 0 | EK28: 0 | EL28: #DIV/0! | EM28: 0 | EN28: 0 | EO28: #DIV/0! | EP28: 0 | EQ28: 10 | ER28: 2.5 | ES28: #DIV/0! | ET28: 0 | EU28: 0 | EV28: -0.08 | EW28: -0.46270665 | EX28: -0.46270665 | EY28: 32.178732 | EZ28: 0 | FA28: #DIV/0! | FB28: #DIV/0! | FC28: 30 | FD28: 27/42 | FJ28: 72 | FK28: 8 | FL28: 31 | FN28: 61 | FO28: 42 | FP28: 0.64285714 | FQ28: 27 | FR28: 0.42200941 | FS28: 66.349093 | FT28: 0.26190476 | FU28: -0.11113598 | FV28: 45.575426 | FW28: 0.11904762 | FX28: 0.029443873 | FY28: 51.174471 | FZ28: 0.047619048 | GA28: -0.27764263 | GB28: 39.064335 | GC28: 0.30677147 | GD28: 0.17 | GE28: 0.23838573 | GF28: 0.5020705 | GG28: 69.219103 | GH28: 30 | GI28: -0.14376803 | GJ28: 0.2 | GK28: 0.028115983 | GL28: 0.40282915 | GM28: 65.646304 | GN28: 61 | GO28: 0.082080165 | GP28: 0.01 | GQ28: 0.046040082 | GR28: 0.31593477 | GS28: 62.397399 | GT28: 139 | GU28: 91.935484 | GV28: 35 | GW28: 35 | GX28: 0.0133 | GY28: 0.0656 | GZ28: 0.13705 | HA28: 70 | HB28: 600 | HC28: 300 | HD28: -0.00078450704 | HE28: -0.020092857 | HF28: -0.0088 | HH28: =IFERROR(RANK(HI28,HI$4:HI$1100),"") -> 26 | HI28: =IFERROR(((J28*G$1)+(N28*K$1)+(R28*O$1)+(V28*S$1)+(Z28*W$1)+(AD28*AA$1)+(AH28*AE$1)+(AL28*AI$1)+(AP28*AM$1)+(AT28*AQ$1)+(AX28*AU$1)+(BB28*AY$1)+(BF28*BC$1)+(BJ28*BG$1)+(BN28*BK$1)+(BR28*BO$1)+(BV28*BS$1)+(BZ28*BW$1)+(CD28*CA$1)+(CH28*CE$1)+(CL28*CI$1)+(CP28*CM$1)+(CT28*CQ$1)+(CX28*CU$1)+(DB28*CY$1)+(DF28*DC$1)+(DJ28*DG$1)+(DN28*DK$1)+(DQ28*DO$1)+(DT28*DR$1)+(DW28*DU$1)+(EU28*EU$1)+(EY28*EV$1)+(FC28*EZ$1)+(FS28*FP$1)+(GB28*FZ$1)+(FY28*FW$1)+(FV28*FT$1)+(GG28*GE$1)+(GM28*GK$1)+(GS28*GQ$1)+(GU28*GU$1))*(1+HG28),"") -> 64.557931 | HJ28: 7400 | HK28: 0.1134 | HL28: =IFERROR(GV28-HH28,"") -> 9 | HM28: =IFERROR(HI28/(HJ28/1000),0) -> 8.7240447 | HN28: 9100 | HO28: 0.1338 | HP28: =GW28-HH28 -> 9 | HQ28: =HI28/(HN28/1000) -> 7.0942781
A29: Seamus Power | B29: 110 | C29: 900 | D29: 375 | E29: 76 | F29: 59.375 | G29: -0.61 | H29: 104 | I29: -1.3881558 | J29: 8.2544805 | K29: -0.25 | L29: 86 | M29: -0.46619418 | N29: 32.053826 | O29: -0.09 | P29: 70 | Q29: -0.070442926 | R29: 47.192056 | S29: 85.7 | T29: 31 | U29: 0.70011047 | V29: 75.807084 | W29: 83.3 | X29: 34 | Y29: 0.60433215 | Z29: 72.718858 | AA29: 83.9 | AB29: 25 | AC29: 0.80712846 | AD29: 79.020376 | AE29: -0.1 | AF29: 67 | AG29: -0.13699272 | AH29: 44.551827 | AI29: -0.23 | AJ29: 85 | AK29: -0.29097052 | AL29: 38.553693 | AM29: -0.13 | AN29: 74 | AO29: -0.093742637 | AP29: 46.26568 | AT29: 38.553693 | AX29: 38.553693 | BB29: 38.553693 | BC29: 0.13 | BD29: 33 | BE29: 0.47866665 | BF29: 68.39121 | BG29: 0.18 | BH29: 24 | BI29: 0.65918741 | BJ29: 74.511229 | BK29: 0.11 | BL29: 30 | BM29: 0.50005639 | BN29: 69.148232 | BO29: 0.55 | BP29: 14 | BQ29: 1.1847617 | BR29: 88.194417 | BS29: 0.22 | BT29: 35 | BU29: 0.68680534 | BV29: 75.38973 | BW29: 0.29 | BX29: 23 | BY29: 0.91262943 | BZ29: 81.928127 | CA29: -0.21 | CB29: 81 | CC29: -0.2222382 | CD29: 41.206423 | CE29: 0.12 | CF29: 46 | CG29: 0.31200895 | CH29: 62.248314 | CI29: 0.04 | CJ29: 74 | CK29: -0.24267571 | CL29: 40.412831 | CM29: -0.26 | CN29: 68 | CO29: -0.083373805 | CP29: 46.677716 | CQ29: 23.3 | CR29: 34 | CS29: 0.58955415 | CT29: 72.22552 | CU29: 21.5 | CV29: 48 | CW29: 0.29587619 | CX29: 61.633768 | CY29: 23.4 | CZ29: 18 | DA29: 0.92403519 | DB29: 82.2266 | DC29: 87.8 | DD29: 14 | DE29: 1.0901525 | DF29: 86.217702 | DG29: 85.6 | DH29: 31 | DI29: 0.58028517 | DJ29: 71.913884 | DK29: 86.6 | DL29: 18 | DM29: 0.92033848 | DN29: 82.130205 | DQ29: 0 | DT29: 0 | DW29: 0 | DX29: #N/A | DY29: #N/A | DZ29: #N/A | EA29: #N/A | EB29: #N/A | EH29: -0.5 | EI29: #DIV/0! | EJ29: 0 | EK29: 0 | EL29: #DIV/0! | EM29: 0 | EN29: 0 | EO29: #DIV/0! | EP29: 0 | EQ29: 10 | ER29: 2.5 | ES29: #DIV/0! | ET29: 0 | EU29: 0 | EV29: 0.79 | EW29: 0.73264928 | EX29: 0.73264928 | EY29: 76.811382 | EZ29: 0 | FA29: #DIV/0! | FB29: #DIV/0! | FC29: 30 | FD29: 28/45 | FE29: MC | FJ29: MC | FK29: MC | FL29: 10 | FM29: 11 | FO29: 45 | FP29: 0.62222222 | FQ29: 28 | FR29: 0.30253845 | FS29: 61.887918 | FT29: 0.28888889 | FU29: 0.099054784 | FV29: 53.945261 | FW29: 0.15555556 | FX29: 0.54555069 | FY29: 70.731259 | FZ29: 0.022222222 | GA29: -0.79264216 | GB29: 21.399317 | GC29: 0.39898511 | GD29: -0.64 | GE29: -0.12050744 | GF29: 0.079409027 | GG29: 53.164636 | GH29: 24 | GI29: 0.32383743 | GJ29: -0.38 | GK29: -0.028081285 | GL29: 0.32001595 | GM29: 62.552188 | GN29: 62 | GO29: 0.30467477 | GP29: 0.03 | GQ29: 0.16733739 | GR29: 0.51405876 | GS29: 69.639454 | GT29: 144 | GU29: 62.903226 | GV29: 53 | GW29: 61 | GX29: 0.0038 | GY29: 0.03175 | GZ29: 0.07845 | HA29: 110 | HB29: 900 | HC29: 375 | HD29: -0.005209009 | HE29: -0.03155 | HF29: -0.053855263 | HH29: =IFERROR(RANK(HI29,HI$4:HI$1100),"") -> 46 | HI29: =IFERROR(((J29*G$1)+(N29*K$1)+(R29*O$1)+(V29*S$1)+(Z29*W$1)+(AD29*AA$1)+(AH29*AE$1)+(AL29*AI$1)+(AP29*AM$1)+(AT29*AQ$1)+(AX29*AU$1)+(BB29*AY$1)+(BF29*BC$1)+(BJ29*BG$1)+(BN29*BK$1)+(BR29*BO$1)+(BV29*BS$1)+(BZ29*BW$1)+(CD29*CA$1)+(CH29*CE$1)+(CL29*CI$1)+(CP29*CM$1)+(CT29*CQ$1)+(CX29*CU$1)+(DB29*CY$1)+(DF29*DC$1)+(DJ29*DG$1)+(DN29*DK$1)+(DQ29*DO$1)+(DT29*DR$1)+(DW29*DU$1)+(EU29*EU$1)+(EY29*EV$1)+(FC29*EZ$1)+(FS29*FP$1)+(GB29*FZ$1)+(FY29*FW$1)+(FV29*FT$1)+(GG29*GE$1)+(GM29*GK$1)+(GS29*GQ$1)+(GU29*GU$1))*(1+HG29),"") -> 58.843905 | HJ29: 7000 | HK29: 0.0287 | HL29: =IFERROR(GV29-HH29,"") -> 7 | HM29: =IFERROR(HI29/(HJ29/1000),0) -> 8.4062722 | HN29: 8300 | HO29: 0.024 | HP29: =GW29-HH29 -> 15 | HQ29: =HI29/(HN29/1000) -> 7.0896271
A30: Will Gordon | B30: 350 | E30: 29 | F30: 22.65625 | G30: 0.09 | H30: 54 | I30: 0.25914955 | J30: 60.224007 | K30: 0.14 | L30: 44 | M30: 0.49425989 | N30: 68.943868 | O30: -0.19 | P30: 81 | Q30: -0.34026324 | R30: 36.682915 | S30: 88.8 | T30: 6 | U30: 1.5059645 | V30: 93.396186 | W30: 89.3 | X30: 1 | Y30: 2.1944513 | Z30: 98.589851 | AA30: 84.2 | AB30: 21 | AC30: 0.8968362 | AD30: 81.509684 | AE30: 0.48 | AF30: 20 | AG30: 0.89557952 | AH30: 81.476131 | AI30: 0.46 | AJ30: 13 | AK30: 1.1202278 | AL30: 86.869165 | AM30: 0.19 | AN30: 36 | AO30: 0.57623775 | AP30: 71.777275 | AT30: 86.869165 | AX30: 86.869165 | BB30: 86.869165 | BC30: -0.08 | BD30: 81 | BE30: -0.27392484 | BF30: 39.207119 | BG30: -0.19 | BH30: 98 | BI30: -0.67639864 | BJ30: 24.939379 | BK30: -0.33 | BL30: 112 | BM30: -1.0832783 | BN30: 13.934245 | BO30: -0.06 | BP30: 66 | BQ30: -0.068576871 | BR30: 47.266322 | BS30: -0.09 | BT30: 66 | BU30: -0.11534036 | BV30: 45.408768 | BW30: -0.11 | BX30: 70 | BY30: -0.15525393 | BZ30: 43.831057 | CA30: -0.3 | CB30: 87 | CC30: -0.36920629 | CD30: 35.598698 | CE30: 0.08 | CF30: 51 | CG30: 0.26949503 | CH30: 60.622562 | CI30: 0.15 | CJ30: 61 | CK30: -0.040925947 | CL30: 48.367747 | CM30: 0.24 | CN30: 39 | CO30: 0.49786072 | CP30: 69.070889 | CQ30: 25 | CR30: 9 | CS30: 1.2905889 | CT30: 90.157687 | CU30: 25 | CV30: 2 | CW30: 1.9135348 | CX30: 97.216019 | CY30: 22.6 | CZ30: 35 | DA30: 0.50478147 | DB30: 69.314383 | DC30: 86.9 | DD30: 27 | DE30: 0.75861129 | DF30: 77.595744 | DG30: 87.2 | DH30: 9 | DI30: 1.2187951 | DJ30: 88.853902 | DK30: 84.7 | DL30: 61 | DM30: 0.018604202 | DN30: 50.742157 | DQ30: 0 | DT30: 0 | DW30: 0 | DX30: #N/A | DY30: #N/A | DZ30: #N/A | EA30: #N/A | EB30: #N/A | EH30: -0.5 | EI30: #DIV/0! | EJ30: 0 | EK30: 0 | EL30: #DIV/0! | EM30: 0 | EN30: 0 | EO30: #DIV/0! | EP30: 0 | EQ30: 10 | ER30: 2.5 | ES30: #DIV/0! | ET30: 0 | EU30: 0 | EV30: 0.09 | EW30: -0.22913136 | EX30: -0.22913136 | EY30: 40.938341 | EZ30: 0 | FA30: #DIV/0! | FB30: #DIV/0! | FC30: 30 | FD30: 20/51 | FE30: 66 | FH30: MC | FI30: MC | FJ30: 19 | FK30: MC | FL30: 60 | FM30: 4 | FN30: MC | FO30: 51 | FP30: 0.39215686 | FQ30: 20 | FR30: -1.0294817 | FS30: 15.162669 | FT30: 0.15686275 | FU30: -0.92935263 | FV30: 17.635318 | FW30: 0.098039216 | FX30: -0.26754854 | FY30: 39.452342 | FZ30: 0.078431373 | GA30: 0.34717298 | GB30: 63.576932 | GC30: 0.055924906 | GD30: -0.92 | GE30: -0.43203755 | GF30: -0.28747387 | GG30: 38.687475 | GH30: 44 | GI30: -0.28333838 | GJ30: -1.23 | GK30: -0.75666919 | GL30: -0.75364292 | GM30: 22.553183 | GN30: 72 | GO30: -0.34240197 | GP30: -1.31 | GQ30: -0.82620099 | GR30: -1.108762 | GS30: 13.376643 | GT30: 142 | GU30: 21.774194 | GV30: 92 | GW30: 105 | GX30: 0.0032 | GY30: 0.02235 | GZ30: 0.05395 | HD30: -0.02 | HE30: -0.02 | HF30: -0.02 | HH30: =IFERROR(RANK(HI30,HI$4:HI$1100),"") -> 65 | HI30: =IFERROR(((J30*G$1)+(N30*K$1)+(R30*O$1)+(V30*S$1)+(Z30*W$1)+(AD30*AA$1)+(AH30*AE$1)+(AL30*AI$1)+(AP30*AM$1)+(AT30*AQ$1)+(AX30*AU$1)+(BB30*AY$1)+(BF30*BC$1)+(BJ30*BG$1)+(BN30*BK$1)+(BR30*BO$1)+(BV30*BS$1)+(BZ30*BW$1)+(CD30*CA$1)+(CH30*CE$1)+(CL30*CI$1)+(CP30*CM$1)+(CT30*CQ$1)+(CX30*CU$1)+(DB30*CY$1)+(DF30*DC$1)+(DJ30*DG$1)+(DN30*DK$1)+(DQ30*DO$1)+(DT30*DR$1)+(DW30*DU$1)+(EU30*EU$1)+(EY30*EV$1)+(FC30*EZ$1)+(FS30*FP$1)+(GB30*FZ$1)+(FY30*FW$1)+(FV30*FT$1)+(GG30*GE$1)+(GM30*GK$1)+(GS30*GQ$1)+(GU30*GU$1))*(1+HG30),"") -> 51.018346 | HJ30: 6400 | HK30: 0.0041 | HL30: =IFERROR(GV30-HH30,"") -> 27 | HM30: =IFERROR(HI30/(HJ30/1000),0) -> 7.9716165 | HN30: 7200 | HO30: 0.0031 | HP30: =GW30-HH30 -> 40 | HQ30: =HI30/(HN30/1000) -> 7.0858814
A31: Keita Nakajima | B31: 35 | C31: 375 | D31: 170 | E31: 117 | F31: 91.40625 | G31: 0.43444444 | H31: 15 | I31: 1.0697284 | J31: 85.76292 | K31: 0.4226087 | L31: 14 | M31: 1.1902411 | N31: 88.302418 | O31: 0.2325 | P31: 29 | Q31: 0.79972757 | R31: 78.806567 | S31: 85.5 | T31: 38 | U31: 0.64811989 | V31: 74.154629 | W31: 83.8 | X31: 29 | Y31: 0.73684208 | Z31: 76.939081 | AA31: 82.7 | AB31: 45 | AC31: 0.44829752 | AD31: 67.303076 | AE31: 0.13 | AF31: 48 | AG31: 0.27247558 | AH31: 60.737182 | AI31: 0.11913043 | AJ31: 45 | AK31: 0.42307626 | AL31: 66.388019 | AM31: 0.185 | AN31: 38 | AO31: 0.56576931 | AP31: 71.422469 | AT31: 66.388019 | AX31: 66.388019 | BB31: 66.388019 | BC31: 0.23666667 | BD31: 16 | BE31: 0.86093534 | BF31: 80.536317 | BG31: 0.16565217 | BH31: 28 | BI31: 0.60739618 | BJ31: 72.820599 | BK31: -0.0075 | BL31: 59 | BM31: 0.077234053 | BN31: 53.078132 | BO31: 0.63666667 | BP31: 8 | BQ31: 1.3628317 | BR31: 91.353222 | BS31: 0.61347826 | BT31: 4 | BU31: 1.7049566 | BV31: 95.589874 | BW31: 0.35 | BX31: 18 | BY31: 1.0728119 | BZ31: 85.832225 | CA31: 2.06 | CB31: 1 | CC31: 3.4846236 | CD31: 99.975359 | CE31: 0.42 | CF31: 28 | CG31: 0.63086337 | CH31: 73.593507 | CI31: 1.03 | CJ31: 11 | CK31: 1.5730721 | CL31: 94.214894 | CM31: 0.48 | CN31: 25 | CO31: 0.7768533 | CP31: 78.137734 | CQ31: 23.1 | CR31: 38 | CS31: 0.50707947 | CT31: 69.395047 | CU31: 22.6 | CV31: 21 | CW31: 0.80428317 | CX31: 78.938327 | CY31: 22 | CZ31: 59 | DA31: 0.19034119 | DB31: 57.547911 | DC31: 88.3 | DD31: 9 | DE31: 1.2743421 | DF31: 89.87289 | DG31: 88.7 | DH31: 3 | DI31: 1.8173982 | DJ31: 96.542192 | DK31: 86.2 | DL31: 24 | DM31: 0.73049969 | DN31: 76.74576 | DQ31: 0 | DT31: 0 | DW31: 0 | DX31: #N/A | DY31: #N/A | DZ31: #N/A | EA31: #N/A | EB31: #N/A | EH31: -0.5 | EI31: #DIV/0! | EJ31: 0 | EK31: 0 | EL31: #DIV/0! | EM31: 0 | EN31: 0 | EO31: #DIV/0! | EP31: 0 | EQ31: 10 | ER31: 2.5 | ES31: #DIV/0! | ET31: 0 | EU31: 0 | EV31: 0.688 | EW31: 0.5925041 | EX31: 0.5925041 | EY31: 72.324346 | EZ31: 0 | FA31: #DIV/0! | FB31: #DIV/0! | FC31: 30 | FD31: 24/41 | FF31: 23 | FG31: MC | FH31: 4 | FK31: 20 | FL31: MC | FM31: MC | FN31: 3 | FO31: 41 | FP31: 0.58536585 | FQ31: 24 | FR31: 0.089149408 | FS31: 53.551841 | FT31: 0.36585366 | FU31: 0.69856589 | FV31: 75.758832 | FW31: 0.17073171 | FX31: 0.7600935 | FY31: 77.640065 | FZ31: 0.14634146 | GA31: 1.724261 | GB31: 95.766964 | GC31: 1.2058059 | GD31: 0.98 | GE31: 1.092903 | GF31: 1.5084187 | GG31: 93.42763 | GH31: 36 | GI31: 0.54779683 | GJ31: 0.68 | GK31: 0.61389841 | GL31: 1.2660476 | GM31: 89.725197 | GN31: 55 | GO31: 0.80331512 | GP31: 0.11 | GQ31: 0.45665756 | GR31: 0.9866271 | GS31: 83.808726 | GT31: 132 | GU31: 25.806452 | GV31: 8 | GW31: 11 | GX31: 0.03175 | GY31: 0.1406 | GZ31: 0.2554 | HA31: 35 | HB31: 375 | HC31: 170 | HD31: 0.0039722222 | HE31: 0.023821053 | HF31: 0.019274074 | HH31: =IFERROR(RANK(HI31,HI$4:HI$1100),"") -> 12 | HI31: =IFERROR(((J31*G$1)+(N31*K$1)+(R31*O$1)+(V31*S$1)+(Z31*W$1)+(AD31*AA$1)+(AH31*AE$1)+(AL31*AI$1)+(AP31*AM$1)+(AT31*AQ$1)+(AX31*AU$1)+(BB31*AY$1)+(BF31*BC$1)+(BJ31*BG$1)+(BN31*BK$1)+(BR31*BO$1)+(BV31*BS$1)+(BZ31*BW$1)+(CD31*CA$1)+(CH31*CE$1)+(CL31*CI$1)+(CP31*CM$1)+(CT31*CQ$1)+(CX31*CU$1)+(DB31*CY$1)+(DF31*DC$1)+(DJ31*DG$1)+(DN31*DK$1)+(DQ31*DO$1)+(DT31*DR$1)+(DW31*DU$1)+(EU31*EU$1)+(EY31*EV$1)+(FC31*EZ$1)+(FS31*FP$1)+(GB31*FZ$1)+(FY31*FW$1)+(FV31*FT$1)+(GG31*GE$1)+(GM31*GK$1)+(GS31*GQ$1)+(GU31*GU$1))*(1+HG31),"") -> 75.043149 | HJ31: 9300 | HK31: 0.0598 | HL31: =IFERROR(GV31-HH31,"") -> -4 | HM31: =IFERROR(HI31/(HJ31/1000),0) -> 8.0691558 | HN31: 10700 | HO31: 0.0828 | HP31: =GW31-HH31 -> -1 | HQ31: =HI31/(HN31/1000) -> 7.0133784
A32: Joel Dahmen | B32: 145 | C32: 1100 | D32: 450 | E32: 68 | F32: 53.125 | G32: 0.09 | H32: 54 | I32: 0.25914955 | J32: 60.224007 | K32: -0.03 | L32: 61 | M32: 0.075600423 | N32: 53.01315 | O32: 0.15 | P32: 40 | Q32: 0.57712582 | R32: 71.807277 | S32: 90.2 | T32: 3 | U32: 1.8698986 | V32: 96.925105 | W32: 85.6 | X32: 12 | Y32: 1.2138778 | Z32: 88.760281 | AA32: 86.4 | AB32: 7 | AC32: 1.5546929 | AD32: 93.999039 | AE32: 0.89 | AF32: 6 | AG32: 1.6255013 | AH32: 94.79721 | AI32: 0.56 | AJ32: 6 | AK32: 1.3247493 | AL32: 90.737284 | AM32: 0.42 | AN32: 10 | AO32: 1.0577862 | AP32: 85.492353 | AT32: 90.737284 | AX32: 90.737284 | BB32: 90.737284 | BC32: 0 | BD32: 64 | BE32: 0.012776681 | BF32: 50.509702 | BG32: -0.3 | BH32: 109 | BI32: -1.0734648 | BJ32: 14.153132 | BK32: -0.27 | BL32: 109 | BM32: -0.86736905 | BN32: 19.286992 | BO32: -0.4 | BP32: 88 | BQ32: -0.76715904 | BR32: 22.149348 | BS32: -0.51 | BT32: 109 | BU32: -1.2021184 | BV32: 11.465883 | BW32: -0.46 | BX32: 105 | BY32: -1.0896519 | BZ32: 13.793326 | CA32: -1.28 | CB32: 122 | CC32: -1.9695255 | CD32: 2.444639 | CE32: -0.89 | CF32: 95 | CG32: -0.76146758 | CH32: 22.318892 | CI32: -0.35 | CJ32: 104 | CK32: -0.95797031 | CL32: 16.903887 | CM32: -1.09 | CN32: 105 | CO32: -1.0482231 | CP32: 14.726791 | CQ32: 24.8 | CR32: 13 | CS32: 1.2081142 | CT32: 88.649833 | CU32: 21 | CV32: 58 | CW32: 0.064782111 | CX32: 52.582626 | CY32: 21.2 | CZ32: 82 | DA32: -0.22891253 | DB32: 40.946845 | DC32: 86.6 | DD32: 32 | DE32: 0.64809755 | DF32: 74.153907 | DG32: 84.1 | DH32: 62 | DI32: -0.018317908 | DJ32: 49.269262 | DK32: 85.2 | DL32: 51 | DM32: 0.2559027 | DN32: 60.098701 | DQ32: 0 | DT32: 0 | DW32: 0 | DX32: #N/A | DY32: #N/A | DZ32: #N/A | EA32: #N/A | EB32: #N/A | EH32: -0.5 | EI32: #DIV/0! | EJ32: 0 | EK32: 0 | EL32: #DIV/0! | EM32: 0 | EN32: 0 | EO32: #DIV/0! | EP32: 0 | EQ32: 10 | ER32: 2.5 | ES32: #DIV/0! | ET32: 0 | EU32: 0 | EV32: 0.11 | EW32: -0.20165191 | EX32: -0.20165191 | EY32: 42.009443 | EZ32: 0 | FA32: #DIV/0! | FB32: #DIV/0! | FC32: 30 | FD32: 23/47 | FJ32: 38 | FK32: MC | FL32: 34 | FM32: 24 | FN32: 30 | FO32: 47 | FP32: 0.4893617 | FQ32: 23 | FR32: -0.46669031 | FS32: 32.036073 | FT32: 0.27659574 | FU32: 0.0032982904 | FV32: 50.131583 | FW32: 0.12765957 | FX32: 0.1511897 | FY32: 56.008696 | FZ32: 0.063829787 | GA32: 0.051080479 | GB32: 52.03693 | GC32: 0.40804266 | GD32: 0.14 | GE32: 0.27402133 | GF32: 0.54403784 | GG32: 70.679228 | GH32: 30 | GI32: -0.010001974 | GJ32: -0.54 | GK32: -0.27500099 | GL32: -0.043848899 | GM32: 48.251242 | GN32: 62 | GO32: 0.09168643 | GP32: -0.31 | GQ32: -0.10915679 | GR32: 0.062440084 | GS32: 52.489381 | GT32: 141 | GU32: 65.322581 | GV32: 65 | GW32: 69 | GX32: 0.00475 | GY32: 0.0329 | GZ32: 0.07725 | HA32: 145 | HB32: 1100 | HC32: 450 | HD32: -0.0020993151 | HE32: -0.014416667 | HF32: -0.030890909 | HH32: =IFERROR(RANK(HI32,HI$4:HI$1100),"") -> 49 | HI32: =IFERROR(((J32*G$1)+(N32*K$1)+(R32*O$1)+(V32*S$1)+(Z32*W$1)+(AD32*AA$1)+(AH32*AE$1)+(AL32*AI$1)+(AP32*AM$1)+(AT32*AQ$1)+(AX32*AU$1)+(BB32*AY$1)+(BF32*BC$1)+(BJ32*BG$1)+(BN32*BK$1)+(BR32*BO$1)+(BV32*BS$1)+(BZ32*BW$1)+(CD32*CA$1)+(CH32*CE$1)+(CL32*CI$1)+(CP32*CM$1)+(CT32*CQ$1)+(CX32*CU$1)+(DB32*CY$1)+(DF32*DC$1)+(DJ32*DG$1)+(DN32*DK$1)+(DQ32*DO$1)+(DT32*DR$1)+(DW32*DU$1)+(EU32*EU$1)+(EY32*EV$1)+(FC32*EZ$1)+(FS32*FP$1)+(GB32*FZ$1)+(FY32*FW$1)+(FV32*FT$1)+(GG32*GE$1)+(GM32*GK$1)+(GS32*GQ$1)+(GU32*GU$1))*(1+HG32),"") -> 56.440217 | HJ32: 6800 | HK32: 0.0278 | HL32: =IFERROR(GV32-HH32,"") -> 16 | HM32: =IFERROR(HI32/(HJ32/1000),0) -> 8.300032 | HN32: 8100 | HO32: 0.0194 | HP32: =GW32-HH32 -> 20 | HQ32: =HI32/(HN32/1000) -> 6.9679281
A33: Beau Hossler | B33: 40 | C33: 400 | D33: 187 | E33: 113 | F33: 88.28125 | G33: 0.29 | H33: 33 | I33: 0.72980821 | J33: 76.724629 | K33: 0.21 | L33: 34 | M33: 0.66664908 | N33: 74.750185 | O33: 0.17 | P33: 37 | Q33: 0.63108988 | R33: 73.600912 | S33: 85.7 | T33: 31 | U33: 0.70011047 | V33: 75.807084 | W33: 83.2 | X33: 36 | Y33: 0.57783017 | Z33: 71.831061 | AA33: 82 | AB33: 55 | AC33: 0.23897948 | AD33: 59.443925 | AE33: 0.01 | AF33: 61 | AG33: 0.058839946 | AH33: 52.34602 | AI33: -0.13 | AJ33: 70 | AK33: -0.08644903 | AL33: 46.555474 | AM33: -0.33 | AN33: 95 | AO33: -0.51248038 | AP33: 30.415742 | AT33: 46.555474 | AX33: 46.555474 | BB33: 46.555474 | BC33: 0.2 | BD33: 19 | BE33: 0.72953048 | BF33: 76.716138 | BG33: 0.13 | BH33: 33 | BI33: 0.47870281 | BJ33: 68.392497 | BK33: 0.23 | BL33: 16 | BM33: 0.93187495 | BN33: 82.429942 | BO33: 0.45 | BP33: 22 | BQ33: 0.97929638 | BR33: 83.628322 | BS33: 0.56 | BT33: 7 | BU33: 1.566578 | BV33: 94.139332 | BW33: 0.45 | BX33: 9 | BY33: 1.3397828 | BZ33: 90.984201 | CA33: 0.11 | CB33: 46 | CC33: 0.300315 | CD33: 61.803155 | CE33: 1.45 | CF33: 5 | CG33: 1.7255969 | CH33: 95.779002 | CI33: 1.16 | CJ33: 7 | CK33: 1.8115037 | CL33: 96.496854 | CM33: 1 | CN33: 10 | CO33: 1.3813372 | CP33: 91.641235 | CQ33: 23.6 | CR33: 29 | CS33: 0.71326616 | CT33: 76.215946 | CU33: 22.7 | CV33: 20 | CW33: 0.85050199 | CX33: 80.247697 | CY33: 22.8 | CZ33: 32 | DA33: 0.6095949 | DB33: 72.89349 | DC33: 89.7 | DD33: 2 | DE33: 1.7900729 | DF33: 96.32789 | DG33: 88.4 | DH33: 5 | DI33: 1.6976776 | DJ33: 95.521568 | DK33: 87.4 | DL33: 7 | DM33: 1.3000161 | DN33: 90.320227 | DQ33: 0 | DT33: 0 | DW33: 0 | DX33: #N/A | DY33: #N/A | DZ33: #N/A | EA33: #N/A | EB33: #N/A | EH33: -0.5 | EI33: #DIV/0! | EJ33: 0 | EK33: 0 | EL33: #DIV/0! | EM33: 0 | EN33: 0 | EO33: #DIV/0! | EP33: 0 | EQ33: 10 | ER33: 2.5 | ES33: #DIV/0! | ET33: 0 | EU33: 0 | EV33: 0.75 | EW33: 0.67769039 | EX33: 0.67769039 | EY33: 75.101599 | EZ33: 0 | FA33: #DIV/0! | FB33: #DIV/0! | FC33: 30 | FD33: 33/47 | FJ33: 2 | FK33: 45 | FL33: 56 | FM33: 42 | FN33: 21 | FO33: 47 | FP33: 0.70212766 | FQ33: 33 | FR33: 0.76517069 | FS33: 77.791504 | FT33: 0.31914894 | FU33: 0.33476308 | FV33: 63.109809 | FW33: 0.17021277 | FX33: 0.75275731 | FY33: 77.420212 | FZ33: 0.063829787 | GA33: 0.051080479 | GB33: 52.03693 | GC33: 0.83050905 | GD33: 0.59 | GE33: 0.71025453 | GF33: 1.0577811 | GG33: 85.492238 | GH33: 32 | GI33: 0.65651181 | GJ33: 0.36 | GK33: 0.50825591 | GL33: 1.1103711 | GM33: 86.658042 | GN33: 63 | GO33: 0.42142373 | GP33: 0.04 | GQ33: 0.23071186 | GR33: 0.61757304 | GS33: 73.157159 | GT33: 161 | GU33: 50.806452 | GV33: 15 | GW33: 12 | GX33: 0.02515 | GY33: 0.1237 | GZ33: 0.2347 | HA33: 40 | HB33: 400 | HC33: 187 | HD33: 0.0007597561 | HE33: 0.0147 | HF33: 0.017453136 | HH33: =IFERROR(RANK(HI33,HI$4:HI$1100),"") -> 13 | HI33: =IFERROR(((J33*G$1)+(N33*K$1)+(R33*O$1)+(V33*S$1)+(Z33*W$1)+(AD33*AA$1)+(AH33*AE$1)+(AL33*AI$1)+(AP33*AM$1)+(AT33*AQ$1)+(AX33*AU$1)+(BB33*AY$1)+(BF33*BC$1)+(BJ33*BG$1)+(BN33*BK$1)+(BR33*BO$1)+(BV33*BS$1)+(BZ33*BW$1)+(CD33*CA$1)+(CH33*CE$1)+(CL33*CI$1)+(CP33*CM$1)+(CT33*CQ$1)+(CX33*CU$1)+(DB33*CY$1)+(DF33*DC$1)+(DJ33*DG$1)+(DN33*DK$1)+(DQ33*DO$1)+(DT33*DR$1)+(DW33*DU$1)+(EU33*EU$1)+(EY33*EV$1)+(FC33*EZ$1)+(FS33*FP$1)+(GB33*FZ$1)+(FY33*FW$1)+(FV33*FT$1)+(GG33*GE$1)+(GM33*GK$1)+(GS33*GQ$1)+(GU33*GU$1))*(1+HG33),"") -> 73.753342 | HJ33: 8600 | HK33: 0.1141 | HL33: =IFERROR(GV33-HH33,"") -> 2 | HM33: =IFERROR(HI33/(HJ33/1000),0) -> 8.57597 | HN33: 10600 | HO33: 0.1537 | HP33: =GW33-HH33 -> -1 | HQ33: =HI33/(HN33/1000) -> 6.9578625
A34: A.J. Ewart | B34: 150 | C34: 1025 | D34: 430 | E34: 60 | F34: 46.875 | G34: -0.56 | H34: 102 | I34: -1.2704911 | J34: 10.195487 | K34: -0.43 | L34: 97 | M34: -0.90948068 | N34: 18.154823 | O34: -0.3 | P34: 92 | Q34: -0.63706558 | R34: 26.204107 | S34: 80.7 | T34: 80 | U34: -0.59965409 | V34: 27.43684 | W34: 79.3 | X34: 86 | Y34: -0.45574725 | Z34: 32.428587 | AA34: 79.7 | AB34: 87 | AC34: -0.44877982 | AD34: 32.679525 | AE34: 0.44 | AF34: 23 | AG34: 0.82436764 | AH34: 79.513465 | AI34: 0.08 | AJ34: 47 | AK34: 0.34304611 | AL34: 63.421811 | AM34: 0.09 | AN34: 47 | AO34: 0.36686888 | AP34: 64.314159 | AT34: 63.421811 | AX34: 63.421811 | BB34: 63.421811 | BC34: 0.01 | BD34: 63 | BE34: 0.048614371 | BF34: 51.938669 | BG34: 0.06 | BH34: 47 | BI34: 0.22602437 | BJ34: 58.940877 | BK34: 0.01 | BL34: 54 | BM34: 0.14020759 | BN34: 55.575201 | BO34: 0.36 | BP34: 33 | BQ34: 0.79437757 | BR34: 78.651217 | BS34: 0.59 | BT34: 6 | BU34: 1.644205 | BV34: 94.993307 | BW34: 0.51 | BX34: 7 | BY34: 1.4999653 | BZ34: 93.31883 | CA34: -0.14 | CB34: 74 | CC34: -0.10792969 | CD34: 45.702573 | CE34: 0.16 | CF34: 38 | CG34: 0.35452287 | CH34: 63.852647 | CI34: 0.25 | CJ34: 50 | CK34: 0.14248293 | CL34: 55.665072 | CM34: 0.13 | CN34: 45 | CO34: 0.36998913 | CP34: 64.43047 | CQ34: 22.7 | CR34: 45 | CS34: 0.34213012 | CT34: 63.387351 | CU34: 21.9 | CV34: 37 | CW34: 0.48075146 | CX34: 68.465342 | CY34: 22.2 | CZ34: 51 | DA34: 0.29515461 | DB34: 61.606211 | DC34: 87.3 | DD34: 21 | DE34: 0.90596295 | DF34: 81.752227 | DG34: 86.1 | DH34: 19 | DI34: 0.77981953 | DJ34: 78.225144 | DK34: 86.8 | DL34: 15 | DM34: 1.0152579 | DN34: 84.500854 | DQ34: 0 | DT34: 0 | DW34: 0 | DX34: #N/A | DY34: #N/A | DZ34: #N/A | EA34: #N/A | EB34: #N/A | EH34: -0.5 | EI34: #DIV/0! | EJ34: 0 | EK34: 0 | EL34: #DIV/0! | EM34: 0 | EN34: 0 | EO34: #DIV/0! | EP34: 0 | EQ34: 10 | ER34: 2.5 | ES34: #DIV/0! | ET34: 0 | EU34: 0 | EV34: 0.56 | EW34: 0.41663564 | EX34: 0.41663564 | EY34: 66.152753 | EZ34: 0 | FA34: #DIV/0! | FB34: #DIV/0! | FC34: 30 | FD34: 15/22 | FJ34: MC | FK34: MC | FL34: 55 | FM34: 20 | FN34: 34 | FO34: 22 | FP34: 0.68181818 | FQ34: 15 | FR34: 0.64758395 | FS34: 74.137296 | FT34: 0.5 | FU34: 1.7434884 | FV34: 95.937583 | FW34: 0.045454545 | FX34: -1.0109296 | FY34: 15.602507 | FZ34: 0 | GA34: -1.2432667 | GB34: 10.688478 | GC34: 0.59310216 | GD34: -0.18 | GE34: 0.20655108 | GF34: 0.46457945 | GG34: 67.888367 | GH34: 32 | GI34: 0.44321635 | GJ34: -0.01 | GK34: 0.21660817 | GL34: 0.68059428 | GM34: 75.193588 | GN34: 72 | GO34: 0.39301011 | GP34: 0.19 | GQ34: 0.29150506 | GR34: 0.71687112 | GS34: 76.327319 | GT34: 74 | GU34: 40.322581 | GV34: 43 | GW34: 49 | GX34: 0.00535 | GY34: 0.03515 | GZ34: 0.08825 | HA34: 150 | HB34: 1025 | HC34: 430 | HD34: -0.0012725166 | HE34: -0.0095277778 | HF34: -0.012381132 | HH34: =IFERROR(RANK(HI34,HI$4:HI$1100),"") -> 42 | HI34: =IFERROR(((J34*G$1)+(N34*K$1)+(R34*O$1)+(V34*S$1)+(Z34*W$1)+(AD34*AA$1)+(AH34*AE$1)+(AL34*AI$1)+(AP34*AM$1)+(AT34*AQ$1)+(AX34*AU$1)+(BB34*AY$1)+(BF34*BC$1)+(BJ34*BG$1)+(BN34*BK$1)+(BR34*BO$1)+(BV34*BS$1)+(BZ34*BW$1)+(CD34*CA$1)+(CH34*CE$1)+(CL34*CI$1)+(CP34*CM$1)+(CT34*CQ$1)+(CX34*CU$1)+(DB34*CY$1)+(DF34*DC$1)+(DJ34*DG$1)+(DN34*DK$1)+(DQ34*DO$1)+(DT34*DR$1)+(DW34*DU$1)+(EU34*EU$1)+(EY34*EV$1)+(FC34*EZ$1)+(FS34*FP$1)+(GB34*FZ$1)+(FY34*FW$1)+(FV34*FT$1)+(GG34*GE$1)+(GM34*GK$1)+(GS34*GQ$1)+(GU34*GU$1))*(1+HG34),"") -> 59.81308 | HJ34: 7200 | HK34: 0.0265 | HL34: =IFERROR(GV34-HH34,"") -> 1 | HM34: =IFERROR(HI34/(HJ34/1000),0) -> 8.3073722 | HN34: 8600 | HO34: 0.0244 | HP34: =GW34-HH34 -> 7 | HQ34: =HI34/(HN34/1000) -> 6.9550093
A35: Kevin Yu | B35: 37 | C35: 400 | D35: 182 | E35: 116 | F35: 90.625 | G35: 0.55 | H35: 6 | I35: 1.3416645 | J35: 91.01476 | K35: 0.4 | L35: 16 | M35: 1.1345626 | N35: 87.172069 | O35: 0.37 | P35: 15 | Q35: 1.1707305 | R35: 87.914644 | S35: 86.5 | T35: 23 | U35: 0.9080728 | V35: 81.808012 | W35: 82.7 | X35: 40 | Y35: 0.44532024 | Z35: 67.195583 | AA35: 82.3 | AB35: 51 | AC35: 0.32868721 | AD35: 62.880394 | AE35: 0.36 | AF35: 27 | AG35: 0.68194388 | AH35: 75.236278 | AI35: 0.2 | AJ35: 37 | AK35: 0.5884719 | AL35: 72.18922 | AM35: 0.06 | AN35: 53 | AO35: 0.30405822 | AP35: 61.945823 | AT35: 72.18922 | AX35: 72.18922 | BB35: 72.18922 | BC35: 0.05 | BD35: 55 | BE35: 0.19196513 | BF35: 57.611524 | BG35: 0.14 | BH35: 31 | BI35: 0.51479973 | BJ35: 69.665351 | BK35: 0.09 | BL35: 36 | BM35: 0.42808663 | BN35: 66.570598 | BO35: 0.39 | BP35: 26 | BQ35: 0.85601718 | BR35: 80.400586 | BS35: 0.02 | BT35: 56 | BU35: 0.16929199 | BV35: 56.721651 | BW35: 0.02 | BX35: 56 | BY35: 0.19180816 | BZ35: 57.605376 | CA35: 0.41 | CB35: 22 | CC35: 0.79020863 | CD35: 78.529703 | CE35: 0 | CF35: 54 | CG35: 0.18446719 | CH35: 57.317652 | CI35: 0.3 | CJ35: 43 | CK35: 0.23418736 | CL35: 59.258024 | CM35: 0.33 | CN35: 27 | CO35: 0.60248294 | CP35: 72.657364 | CQ35: 28 | CR35: 1 | CS35: 2.527709 | CT35: 99.425953 | CU35: 25.7 | CV35: 1 | CW35: 2.2370665 | CX35: 98.7359 | CY35: 25.5 | CZ35: 1 | DA35: 2.0245762 | DB35: 97.854455 | DC35: 86.5 | DD35: 37 | DE35: 0.61125963 | DF35: 72.948614 | DG35: 84.8 | DH35: 52 | DI35: 0.26103019 | DJ35: 60.296539 | DK35: 84.8 | DL35: 59 | DM35: 0.066063901 | DN35: 52.633652 | DQ35: 0 | DT35: 0 | DW35: 0 | DX35: #N/A | DY35: #N/A | DZ35: #N/A | EA35: #N/A | EB35: #N/A | EH35: -0.5 | EI35: #DIV/0! | EJ35: 0 | EK35: 0 | EL35: #DIV/0! | EM35: 0 | EN35: 0 | EO35: #DIV/0! | EP35: 0 | EQ35: 10 | ER35: 2.5 | ES35: #DIV/0! | ET35: 0 | EU35: 0 | EV35: 1.13 | EW35: 1.1997999 | EX35: 1.1997999 | EY35: 88.489146 | EZ35: 0 | FA35: #DIV/0! | FB35: #DIV/0! | FC35: 30 | FD35: 29/48 | FJ35: 4 | FK35: 31 | FL35: 16 | FM35: 24 | FN35: MC | FO35: 48 | FP35: 0.60416667 | FQ35: 29 | FR35: 0.19800135 | FS35: 57.8478 | FT35: 0.39583333 | FU35: 0.93209024 | FV35: 82.435506 | FW35: 0.125 | FX35: 0.11359172 | FY35: 54.521928 | FZ35: 0.0625 | GA35: 0.024114912 | GB35: 50.961953 | GC35: 1.1661766 | GD35: 1.09 | GE35: 1.1280883 | GF35: 1.5498558 | GG35: 93.941193 | GH35: 32 | GI35: 0.24602972 | GJ35: 0.42 | GK35: 0.33301486 | GL35: 0.85213305 | GM35: 80.292987 | GN35: 63 | GO35: 0.42522546 | GP35: 0.22 | GQ35: 0.32261273 | GR35: 0.76768162 | GS35: 77.866182 | GT35: 154 | GU35: 84.677419 | GV35: 9 | GW35: 8 | GX35: 0.03595 | GY35: 0.15475 | GZ35: 0.27905 | HA35: 37 | HB35: 400 | HC35: 182 | HD35: 0.0096342105 | HE35: 0.05905 | HF35: 0.062998582 | HH35: =IFERROR(RANK(HI35,HI$4:HI$1100),"") -> 8 | HI35: =IFERROR(((J35*G$1)+(N35*K$1)+(R35*O$1)+(V35*S$1)+(Z35*W$1)+(AD35*AA$1)+(AH35*AE$1)+(AL35*AI$1)+(AP35*AM$1)+(AT35*AQ$1)+(AX35*AU$1)+(BB35*AY$1)+(BF35*BC$1)+(BJ35*BG$1)+(BN35*BK$1)+(BR35*BO$1)+(BV35*BS$1)+(BZ35*BW$1)+(CD35*CA$1)+(CH35*CE$1)+(CL35*CI$1)+(CP35*CM$1)+(CT35*CQ$1)+(CX35*CU$1)+(DB35*CY$1)+(DF35*DC$1)+(DJ35*DG$1)+(DN35*DK$1)+(DQ35*DO$1)+(DT35*DR$1)+(DW35*DU$1)+(EU35*EU$1)+(EY35*EV$1)+(FC35*EZ$1)+(FS35*FP$1)+(GB35*FZ$1)+(FY35*FW$1)+(FV35*FT$1)+(GG35*GE$1)+(GM35*GK$1)+(GS35*GQ$1)+(GU35*GU$1))*(1+HG35),"") -> 76.417011 | HJ35: 9200 | HK35: 0.1166 | HL35: =IFERROR(GV35-HH35,"") -> 1 | HM35: =IFERROR(HI35/(HJ35/1000),0) -> 8.3061968 | HN35: 11000 | HO35: 0.1287 | HP35: =GW35-HH35 -> 0 | HQ35: =HI35/(HN35/1000) -> 6.947001
A36: Zecheng Dou | B36: 105 | C36: 850 | D36: 375 | E36: 77 | F36: 60.15625 | G36: 0.53 | H36: 7 | I36: 1.2945986 | J36: 90.227063 | K36: 0.07 | L36: 51 | M36: 0.3218707 | N36: 62.622467 | O36: -0.07 | P36: 65 | Q36: -0.016478864 | R36: 49.342618 | S36: 87.1 | T36: 14 | U36: 1.0640445 | V36: 85.634574 | W36: 81.4 | X36: 57 | Y36: 0.10079444 | Z36: 54.014318 | AA36: 78.7 | AB36: 95 | AC36: -0.74780561 | AD36: 22.728871 | AE36: -0.23 | AF36: 79 | AG36: -0.36843132 | AH36: 35.627582 | AI36: -0.14 | AJ36: 75 | AK36: -0.10690118 | AL36: 45.743369 | AM36: 0.18 | AN36: 39 | AO36: 0.55530086 | AP36: 71.065556 | AT36: 45.743369 | AX36: 45.743369 | BB36: 45.743369 | BC36: -0.12 | BD36: 86 | BE36: -0.4172756 | BF36: 33.823842 | BG36: 0.11 | BH36: 36 | BI36: 0.40650897 | BJ36: 65.781567 | BK36: 0.16 | BL36: 24 | BM36: 0.67998079 | BN36: 75.174169 | BO36: 0.12 | BP36: 48 | BQ36: 0.30126075 | BR36: 61.839217 | BS36: 0.07 | BT36: 50 | BU36: 0.29867033 | BV36: 61.74042 | BW36: 0.05 | BX36: 55 | BY36: 0.27189942 | BZ36: 60.715032 | CA36: -1.88 | CB36: 128 | CC36: -2.9493127 | CD36: 0.15924076 | CE36: -0.31 | CF36: 70 | CG36: -0.14501571 | CH36: 44.234923 | CI36: 0.18 | CJ36: 59 | CK36: 0.014096715 | CL36: 50.562359 | CM36: 0.1 | CN36: 49 | CO36: 0.33511506 | CP36: 63.123085 | CQ36: 22.2 | CR36: 53 | CS36: 0.13594343 | CT36: 55.4067 | CU36: 20.5 | CV36: 75 | CW36: -0.16631197 | CX36: 43.395572 | CY36: 22 | CZ36: 59 | DA36: 0.19034119 | DB36: 57.547911 | DC36: 87.5 | DD36: 16 | DE36: 0.97963878 | DF36: 83.636777 | DG36: 86.5 | DH36: 13 | DI36: 0.93944701 | DJ36: 82.624936 | DK36: 86.2 | DL36: 24 | DM36: 0.73049969 | DN36: 76.74576 | DQ36: 0 | DT36: 0 | DW36: 0 | DX36: #N/A | DY36: #N/A | DZ36: #N/A | EA36: #N/A | EB36: #N/A | EH36: -0.5 | EI36: #DIV/0! | EJ36: 0 | EK36: 0 | EL36: #DIV/0! | EM36: 0 | EN36: 0 | EO36: #DIV/0! | EP36: 0 | EQ36: 10 | ER36: 2.5 | ES36: #DIV/0! | ET36: 0 | EU36: 0 | EV36: 0.352 | EW36: 0.1308494 | EX36: 0.1308494 | EY36: 55.205278 | EZ36: 0 | FA36: #DIV/0! | FB36: #DIV/0! | FC36: 30 | FD36: 26/43 | FJ36: MC | FK36: 65 | FL36: 16 | FM36: MC | FN36: MC | FO36: 43 | FP36: 0.60465116 | FQ36: 26 | FR36: 0.20080646 | FS36: 57.957505 | FT36: 0.39534884 | FU36: 0.9283163 | FV36: 82.337824 | FW36: 0.13953488 | FX36: 0.31906903 | FY36: 62.516292 | FZ36: 0.069767442 | GA36: 0.17148487 | GB36: 56.807874 | GC36: 0.19938128 | GD36: -0.08 | GE36: 0.059690638 | GF36: 0.29162478 | GG36: 61.471324 | GH36: 24 | GI36: 0.18604747 | GJ36: -0.1 | GK36: 0.043023733 | GL36: 0.42479745 | GM36: 66.450783 | GN36: 64 | GO36: 0.80902703 | GP36: 0.21 | GQ36: 0.50951352 | GR36: 1.0729607 | GS36: 85.835562 | GT36: 140 | GU36: 14.516129 | GV36: 53 | GW36: 61 | GX36: 0.0037 | GY36: 0.0316 | GZ36: 0.07125 | HA36: 105 | HB36: 850 | HC36: 375 | HD36: -0.0057339623 | HE36: -0.044539474 | HF36: -0.069105263 | HH36: =IFERROR(RANK(HI36,HI$4:HI$1100),"") -> 47 | HI36: =IFERROR(((J36*G$1)+(N36*K$1)+(R36*O$1)+(V36*S$1)+(Z36*W$1)+(AD36*AA$1)+(AH36*AE$1)+(AL36*AI$1)+(AP36*AM$1)+(AT36*AQ$1)+(AX36*AU$1)+(BB36*AY$1)+(BF36*BC$1)+(BJ36*BG$1)+(BN36*BK$1)+(BR36*BO$1)+(BV36*BS$1)+(BZ36*BW$1)+(CD36*CA$1)+(CH36*CE$1)+(CL36*CI$1)+(CP36*CM$1)+(CT36*CQ$1)+(CX36*CU$1)+(DB36*CY$1)+(DF36*DC$1)+(DJ36*DG$1)+(DN36*DK$1)+(DQ36*DO$1)+(DT36*DR$1)+(DW36*DU$1)+(EU36*EU$1)+(EY36*EV$1)+(FC36*EZ$1)+(FS36*FP$1)+(GB36*FZ$1)+(FY36*FW$1)+(FV36*FT$1)+(GG36*GE$1)+(GM36*GK$1)+(GS36*GQ$1)+(GU36*GU$1))*(1+HG36),"") -> 57.131915 | HJ36: 7000 | HK36: 0.0892 | HL36: =IFERROR(GV36-HH36,"") -> 6 | HM36: =IFERROR(HI36/(HJ36/1000),0) -> 8.1617021 | HN36: 8300 | HO36: 0.0926 | HP36: =GW36-HH36 -> 14 | HQ36: =HI36/(HN36/1000) -> 6.8833633
A37: Kevin Streelman | B37: 230 | C37: 1600 | D37: 650 | E37: 46 | F37: 35.9375 | G37: 0.27 | H37: 40 | I37: 0.68274235 | J37: 75.261517 | K37: 0.08 | L37: 50 | M37: 0.34649773 | N37: 63.551565 | O37: -0.05 | P37: 63 | Q37: 0.037485198 | R37: 51.495093 | S37: 87.1 | T37: 14 | U37: 1.0640445 | V37: 85.634574 | W37: 84.7 | X37: 19 | Y37: 0.97535995 | Z37: 83.530913 | AA37: 83 | AB37: 38 | AC37: 0.53800526 | AD37: 70.471329 | AE37: 0.05 | AF37: 58 | AG37: 0.13005182 | AH37: 55.173729 | AI37: 0.03 | AJ37: 52 | AK37: 0.24078536 | AL37: 59.513926 | AM37: -0.03 | AN37: 65 | AO37: 0.11562623 | AP37: 54.602562 | AT37: 59.513926 | AX37: 59.513926 | BB37: 59.513926 | BC37: -0.14 | BD37: 89 | BE37: -0.48895098 | BF37: 31.24382 | BG37: -0.13 | BH37: 89 | BI37: -0.45981712 | BJ37: 32.282375 | BK37: -0.25 | BL37: 107 | BM37: -0.79539929 | BN37: 21.319064 | BO37: 0.1 | BP37: 49 | BQ37: 0.26016768 | BR37: 60.263278 | BS37: -0.04 | BT37: 59 | BU37: 0.014037983 | BV37: 50.560016 | BW37: 0.14 | BX37: 42 | BY37: 0.51217317 | BZ37: 69.573509 | CA37: 0.88 | CB37: 5 | CC37: 1.5577086 | CD37: 94.034883 | CE37: 0.05 | CF37: 53 | CG37: 0.23760959 | CH37: 59.390804 | CI37: 0.22 | CJ37: 55 | CK37: 0.087460264 | CL37: 53.484717 | CM37: 0.2 | CN37: 43 | CO37: 0.45136196 | CP37: 67.413565 | CQ37: 24.3 | CR37: 22 | CS37: 1.0019275 | CT37: 84.18107 | CU37: 20.7 | CV37: 70 | CW37: -0.073874337 | CX37: 47.055519 | CY37: 21.6 | CZ37: 70 | DA37: -0.019285671 | DB37: 49.230661 | DC37: 87.2 | DD37: 22 | DE37: 0.86912503 | DF37: 80.761063 | DG37: 85.9 | DH37: 27 | DI37: 0.70000578 | DJ37: 75.803815 | DK37: 85.9 | DL37: 33 | DM37: 0.58812059 | DN37: 72.177432 | DQ37: 0 | DT37: 0 | DW37: 0 | DX37: #N/A | DY37: #N/A | DZ37: #N/A | EA37: #N/A | EB37: #N/A | EH37: -0.5 | EI37: #DIV/0! | EJ37: 0 | EK37: 0 | EL37: #DIV/0! | EM37: 0 | EN37: 0 | EO37: #DIV/0! | EP37: 0 | EQ37: 10 | ER37: 2.5 | ES37: #DIV/0! | ET37: 0 | EU37: 0 | EV37: -0.12 | EW37: -0.51766555 | EX37: -0.51766555 | EY37: 30.234582 | EZ37: 0 | FA37: #DIV/0! | FB37: #DIV/0! | FC37: 30 | FD37: 15/27 | FJ37: 38 | FK37: MC | FL37: 24 | FN37: 39 | FO37: 27 | FP37: 0.55555556 | FQ37: 15 | FR37: -0.083444666 | FS37: 46.674899 | FT37: 0.11111111 | FU37: -1.2857314 | FV37: 9.9268403 | FW37: 0.074074074 | FX37: -0.60633989 | FY37: 27.214454 | FZ37: 0 | GA37: -1.2432667 | GB37: 10.688478 | GC37: 0.023613509 | GD37: -0.07 | GE37: -0.023193245 | GF37: 0.19401405 | GG37: 57.691756 | GH37: 22 | GI37: -0.076843765 | GJ37: -0.36 | GK37: -0.21842188 | GL37: 0.039526981 | GM37: 51.576488 | GN37: 47 | GO37: -0.35494948 | GP37: -0.6 | GQ37: -0.47747474 | GR37: -0.53916126 | GS37: 29.488779 | GT37: 86 | GU37: 29.032258 | GV37: 85 | GW37: 81 | GX37: 0.002 | GY37: 0.01855 | GZ37: 0.0493 | HA37: 230 | HB37: 1600 | HC37: 650 | HD37: -0.0023290043 | HE37: -0.015405882 | HF37: -0.029233333 | HH37: =IFERROR(RANK(HI37,HI$4:HI$1100),"") -> 55 | HI37: =IFERROR(((J37*G$1)+(N37*K$1)+(R37*O$1)+(V37*S$1)+(Z37*W$1)+(AD37*AA$1)+(AH37*AE$1)+(AL37*AI$1)+(AP37*AM$1)+(AT37*AQ$1)+(AX37*AU$1)+(BB37*AY$1)+(BF37*BC$1)+(BJ37*BG$1)+(BN37*BK$1)+(BR37*BO$1)+(BV37*BS$1)+(BZ37*BW$1)+(CD37*CA$1)+(CH37*CE$1)+(CL37*CI$1)+(CP37*CM$1)+(CT37*CQ$1)+(CX37*CU$1)+(DB37*CY$1)+(DF37*DC$1)+(DJ37*DG$1)+(DN37*DK$1)+(DQ37*DO$1)+(DT37*DR$1)+(DW37*DU$1)+(EU37*EU$1)+(EY37*EV$1)+(FC37*EZ$1)+(FS37*FP$1)+(GB37*FZ$1)+(FY37*FW$1)+(FV37*FT$1)+(GG37*GE$1)+(GM37*GK$1)+(GS37*GQ$1)+(GU37*GU$1))*(1+HG37),"") -> 53.104692 | HJ37: 6500 | HK37: 0.0205 | HL37: =IFERROR(GV37-HH37,"") -> 30 | HM37: =IFERROR(HI37/(HJ37/1000),0) -> 8.1699526 | HN37: 7800 | HO37: 0.0086 | HP37: =GW37-HH37 -> 26 | HQ37: =HI37/(HN37/1000) -> 6.8082938
A38: Kevin Roy | B38: 55 | C38: 550 | D38: 240 | E38: 104 | F38: 81.25 | G38: 0.39 | H38: 20 | I38: 0.96513755 | J38: 83.276204 | K38: 0.14 | L38: 44 | M38: 0.49425989 | N38: 68.943868 | O38: 0.19 | P38: 36 | Q38: 0.68505394 | R38: 75.334506 | S38: 85.1 | T38: 43 | U38: 0.54413872 | V38: 70.682699 | W38: 81.6 | X38: 56 | Y38: 0.15379841 | Z38: 56.111565 | AA38: 81.9 | AB38: 58 | AC38: 0.2090769 | AD38: 58.28059 | AE38: 0.18 | AF38: 45 | AG38: 0.36149043 | AH38: 64.113357 | AI38: -0.13 | AJ38: 70 | AK38: -0.08644903 | AL38: 46.555474 | AM38: -0.2 | AN38: 84 | AO38: -0.24030085 | AP38: 40.504852 | AT38: 46.555474 | AX38: 46.555474 | BB38: 46.555474 | BC38: 0.07 | BD38: 48 | BE38: 0.26364051 | BF38: 60.397153 | BG38: 0.15 | BH38: 29 | BI38: 0.55089665 | BJ38: 70.914774 | BK38: 0.15 | BL38: 25 | BM38: 0.64399591 | BN38: 74.021096 | BO38: -0.18 | BP38: 74 | BQ38: -0.31513528 | BR38: 37.632947 | BS38: -0.06 | BT38: 63 | BU38: -0.037713353 | BV38: 48.495811 | BW38: 0.14 | BX38: 42 | BY38: 0.51217317 | BZ38: 69.573509 | CA38: -0.36 | CB38: 91 | CC38: -0.46718502 | CD38: 32.018376 | CE38: -0.12 | CF38: 62 | CG38: 0.056925421 | CH38: 52.26977 | CI38: 0.42 | CJ38: 32 | CK38: 0.45427801 | CL38: 67.518563 | CM38: 0.75 | CN38: 18 | CO38: 1.0907199 | CP38: 86.230193 | CQ38: 22 | CR38: 59 | CS38: 0.053468752 | CT38: 52.132079 | CU38: 21 | CV38: 58 | CW38: 0.064782111 | CX38: 52.582626 | CY38: 21.9 | CZ38: 64 | DA38: 0.13793447 | DB38: 55.48539 | DC38: 86.5 | DD38: 37 | DE38: 0.61125963 | DF38: 72.948614 | DG38: 84.8 | DH38: 52 | DI38: 0.26103019 | DJ38: 60.296539 | DK38: 85.4 | DL38: 46 | DM38: 0.3508221 | DN38: 63.713909 | DQ38: 0 | DT38: 0 | DW38: 0 | DX38: #N/A | DY38: #N/A | DZ38: #N/A | EA38: #N/A | EB38: #N/A | EH38: -0.5 | EI38: #DIV/0! | EJ38: 0 | EK38: 0 | EL38: #DIV/0! | EM38: 0 | EN38: 0 | EO38: #DIV/0! | EP38: 0 | EQ38: 10 | ER38: 2.5 | ES38: #DIV/0! | ET38: 0 | EU38: 0 | EV38: 0.73 | EW38: 0.65021094 | EX38: 0.65021094 | EY38: 74.222201 | EZ38: 0 | FA38: #DIV/0! | FB38: #DIV/0! | FC38: 30 | FD38: 34/48 | FJ38: 19 | FK38: 26 | FL38: 31 | FM38: 62 | FN38: 11 | FO38: 48 | FP38: 0.70833333 | FQ38: 34 | FR38: 0.80109997 | FS38: 78.846311 | FT38: 0.4375 | FU38: 1.2566495 | FV38: 89.555971 | FW38: 0.125 | FX38: 0.11359172 | FY38: 54.521928 | FZ38: 0.0625 | GA38: 0.024114912 | GB38: 50.961953 | GC38: -0.04220185 | GD38: 0.25 | GE38: 0.10389907 | GF38: 0.34368819 | GG38: 63.44596 | GH38: 34 | GI38: 0.29420028 | GJ38: -0.02 | GK38: 0.13710014 | GL38: 0.56342996 | GM38: 71.342893 | GN38: 75 | GO38: 0.42143229 | GP38: 0.03 | GQ38: 0.22571614 | GR38: 0.60941316 | GS38: 72.887469 | GT38: 162 | GU38: 66.935484 | GV38: 21 | GW38: 27 | GX38: 0.01335 | GY38: 0.0721 | GZ38: 0.14575 | HA38: 55 | HB38: 550 | HC38: 240 | HD38: -0.0045071429 | HE38: -0.023480769 | HF38: -0.049235294 | HH38: =IFERROR(RANK(HI38,HI$4:HI$1100),"") -> 27 | HI38: =IFERROR(((J38*G$1)+(N38*K$1)+(R38*O$1)+(V38*S$1)+(Z38*W$1)+(AD38*AA$1)+(AH38*AE$1)+(AL38*AI$1)+(AP38*AM$1)+(AT38*AQ$1)+(AX38*AU$1)+(BB38*AY$1)+(BF38*BC$1)+(BJ38*BG$1)+(BN38*BK$1)+(BR38*BO$1)+(BV38*BS$1)+(BZ38*BW$1)+(CD38*CA$1)+(CH38*CE$1)+(CL38*CI$1)+(CP38*CM$1)+(CT38*CQ$1)+(CX38*CU$1)+(DB38*CY$1)+(DF38*DC$1)+(DJ38*DG$1)+(DN38*DK$1)+(DQ38*DO$1)+(DT38*DR$1)+(DW38*DU$1)+(EU38*EU$1)+(EY38*EV$1)+(FC38*EZ$1)+(FS38*FP$1)+(GB38*FZ$1)+(FY38*FW$1)+(FV38*FT$1)+(GG38*GE$1)+(GM38*GK$1)+(GS38*GQ$1)+(GU38*GU$1))*(1+HG38),"") -> 64.454206 | HJ38: 8000 | HK38: 0.0375 | HL38: =IFERROR(GV38-HH38,"") -> -6 | HM38: =IFERROR(HI38/(HJ38/1000),0) -> 8.0567757 | HN38: 9500 | HO38: 0.0496 | HP38: =GW38-HH38 -> 0 | HQ38: =HI38/(HN38/1000) -> 6.7846532
A39: Ryo Hisatsune | B39: 40 | C39: 400 | D39: 187 | E39: 113 | F39: 88.28125 | G39: 0.14 | H39: 49 | I39: 0.37681421 | J39: 64.684416 | K39: 0.25 | L39: 28 | M39: 0.76515719 | N39: 77.791103 | O39: 0.32 | P39: 19 | Q39: 1.0358203 | R39: 84.985702 | S39: 79.1 | T39: 100 | U39: -1.0155787 | V39: 15.491501 | W39: 82 | X39: 49 | Y39: 0.25980635 | Z39: 60.249342 | AA39: 83.3 | AB39: 33 | AC39: 0.62771299 | AD39: 73.490401 | AE39: 0.42 | AF39: 25 | AG39: 0.7887617 | AH39: 78.487435 | AI39: 0.26 | AJ39: 27 | AK39: 0.71118479 | AL39: 76.151513 | AM39: 0.31 | AN39: 20 | AO39: 0.8274804 | AP39: 79.601759 | AT39: 76.151513 | AX39: 76.151513 | BB39: 76.151513 | BC39: 0.06 | BD39: 51 | BE39: 0.22780282 | BF39: 59.010023 | BG39: -0.11 | BH39: 87 | BI39: -0.38762327 | BJ39: 34.914742 | BK39: 0 | BL39: 58 | BM39: 0.10422271 | BN39: 54.15037 | BO39: -0.3 | BP39: 82 | BQ39: -0.5616937 | BR39: 28.716237 | BS39: -0.22 | BT39: 81 | BU39: -0.45172404 | BV39: 32.57339 | BW39: -0.26 | BX39: 87 | BY39: -0.55571019 | BZ39: 28.920449 | CA39: -0.26 | CB39: 84 | CC39: -0.30388714 | CD39: 38.060694 | CE39: -0.02 | CF39: 55 | CG39: 0.16321023 | CH39: 56.482354 | CI39: 0.08 | CJ39: 70 | CK39: -0.16931216 | CL39: 43.277556 | CM39: -0.14 | CN39: 63 | CO39: 0.056122482 | CP39: 52.237788 | CQ39: 20.6 | CR39: 82 | CS39: -0.52385398 | CT39: 30.019005 | CU39: 20.8 | CV39: 66 | CW39: -0.027655521 | CX39: 48.896845 | CY39: 22.6 | CZ39: 35 | DA39: 0.50478147 | DB39: 69.314383 | DC39: 85 | DD39: 63 | DE39: 0.058690915 | DF39: 52.340085 | DG39: 84.1 | DH39: 62 | DI39: -0.018317908 | DJ39: 49.269262 | DK39: 84.7 | DL39: 61 | DM39: 0.018604202 | DN39: 50.742157 | DQ39: 0 | DT39: 0 | DW39: 0 | DX39: #N/A | DY39: #N/A | DZ39: #N/A | EA39: #N/A | EB39: #N/A | EH39: -0.5 | EI39: #DIV/0! | EJ39: 0 | EK39: 0 | EL39: #DIV/0! | EM39: 0 | EN39: 0 | EO39: #DIV/0! | EP39: 0 | EQ39: 10 | ER39: 2.5 | ES39: #DIV/0! | ET39: 0 | EU39: 0 | EV39: 0.08 | EW39: -0.24287108 | EX39: -0.24287108 | EY39: 40.405263 | EZ39: 0 | FA39: #DIV/0! | FB39: #DIV/0! | FC39: 30 | FD39: 44/55 | FH39: 12 | FI39: 52 | FJ39: MC | FK39: 50 | FM39: 53 | FO39: 55 | FP39: 0.8 | FQ39: 44 | FR39: 1.3318267 | FS39: 90.854144 | FT39: 0.32727273 | FU39: 0.39804272 | FV39: 65.470065 | FW39: 0.18181818 | FX39: 0.91682121 | FY39: 82.038183 | FZ39: 0.072727273 | GA39: 0.23150464 | GB39: 59.153861 | GC39: 0.11753219 | GD39: 0.74 | GE39: 0.42876609 | GF39: 0.72627772 | GG39: 76.616573 | GH39: 46 | GI39: 0.43104002 | GJ39: 0.56 | GK39: 0.49552001 | GL39: 1.0916033 | GM39: 86.249624 | GN39: 96 | GO39: 0.25777905 | GP39: 0.44 | GQ39: 0.34888953 | GR39: 0.81060149 | GS39: 79.120272 | GT39: 196 | GU39: 87.903226 | GV39: 16 | GW39: 21 | GX39: 0.0176 | GY39: 0.08485 | GZ39: 0.16385 | HA39: 40 | HB39: 400 | HC39: 187 | HD39: -0.0067902439 | HE39: -0.05615 | HF39: -0.093396864 | HH39: =IFERROR(RANK(HI39,HI$4:HI$1100),"") -> 24 | HI39: =IFERROR(((J39*G$1)+(N39*K$1)+(R39*O$1)+(V39*S$1)+(Z39*W$1)+(AD39*AA$1)+(AH39*AE$1)+(AL39*AI$1)+(AP39*AM$1)+(AT39*AQ$1)+(AX39*AU$1)+(BB39*AY$1)+(BF39*BC$1)+(BJ39*BG$1)+(BN39*BK$1)+(BR39*BO$1)+(BV39*BS$1)+(BZ39*BW$1)+(CD39*CA$1)+(CH39*CE$1)+(CL39*CI$1)+(CP39*CM$1)+(CT39*CQ$1)+(CX39*CU$1)+(DB39*CY$1)+(DF39*DC$1)+(DJ39*DG$1)+(DN39*DK$1)+(DQ39*DO$1)+(DT39*DR$1)+(DW39*DU$1)+(EU39*EU$1)+(EY39*EV$1)+(FC39*EZ$1)+(FS39*FP$1)+(GB39*FZ$1)+(FY39*FW$1)+(FV39*FT$1)+(GG39*GE$1)+(GM39*GK$1)+(GS39*GQ$1)+(GU39*GU$1))*(1+HG39),"") -> 65.875153 | HJ39: 8500 | HK39: 0.1066 | HL39: =IFERROR(GV39-HH39,"") -> -8 | HM39: =IFERROR(HI39/(HJ39/1000),0) -> 7.7500179 | HN39: 9800 | HO39: 0.1177 | HP39: =GW39-HH39 -> -3 | HQ39: =HI39/(HN39/1000) -> 6.7219543
A40: Austin Eckroat | B40: 100 | C40: 750 | D40: 380 | E40: 79 | F40: 61.71875 | G40: -0.28 | H40: 88 | I40: -0.61156899 | J40: 27.041148 | K40: -0.25 | L40: 86 | M40: -0.46619418 | N40: 32.053826 | O40: -0.2 | P40: 82 | Q40: -0.36724527 | R40: 35.671804 | S40: 80.8 | T40: 79 | U40: -0.5736588 | V40: 28.309936 | W40: 78.9 | X40: 91 | Y40: -0.5617552 | Z40: 28.714141 | AA40: 80.5 | AB40: 77 | AC40: -0.2095592 | AD40: 41.700586 | AE40: 0.05 | AF40: 58 | AG40: 0.13005182 | AH40: 55.173729 | AI40: 0.24 | AJ40: 29 | AK40: 0.67028049 | AL40: 74.86605 | AM40: 0.34 | AN40: 16 | AO40: 0.89029106 | AP40: 81.334519 | AT40: 74.86605 | AX40: 74.86605 | BB40: 74.86605 | BC40: -0.32 | BD40: 105 | BE40: -1.1340294 | BF40: 12.839111 | BG40: -0.15 | BH40: 92 | BI40: -0.53201096 | BJ40: 29.73592 | BK40: -0.2 | BL40: 102 | BM40: -0.61547489 | BN40: 26.912057 | BO40: 0.51 | BP40: 19 | BQ40: 1.1025756 | BR40: 86.489424 | BS40: 0.37 | BT40: 19 | BU40: 1.0749404 | BV40: 85.879928 | BW40: 0.29 | BX40: 23 | BY40: 0.91262943 | BZ40: 81.928127 | CA40: 0.09 | CB40: 47 | CC40: 0.26765542 | CD40: 60.551772 | CE40: 0.17 | CF40: 37 | CG40: 0.36515135 | CH40: 64.250079 | CI40: 0.22 | CJ40: 54 | CK40: 0.087460264 | CL40: 53.484717 | CM40: 0.29 | CN40: 32 | CO40: 0.55598418 | CP40: 71.088916 | CQ40: 22.2 | CR40: 53 | CS40: 0.13594343 | CT40: 55.4067 | CU40: 23.4 | CV40: 11 | CW40: 1.1740337 | CX40: 87.980924 | CY40: 23.6 | CZ40: 10 | DA40: 1.0288486 | DB40: 84.822459 | DC40: 85.9 | DD40: 44 | DE40: 0.39023215 | DF40: 65.181755 | DG40: 85.4 | DH40: 36 | DI40: 0.50047142 | DJ40: 69.162841 | DK40: 85.7 | DL40: 39 | DM40: 0.49320119 | DN40: 68.906478 | DQ40: 0 | DT40: 0 | DW40: 0 | DX40: #N/A | DY40: #N/A | DZ40: #N/A | EA40: #N/A | EB40: #N/A | EH40: -0.5 | EI40: #DIV/0! | EJ40: 0 | EK40: 0 | EL40: #DIV/0! | EM40: 0 | EN40: 0 | EO40: #DIV/0! | EP40: 0 | EQ40: 10 | ER40: 2.5 | ES40: #DIV/0! | ET40: 0 | EU40: 0 | EV40: 0.92 | EW40: 0.91126569 | EX40: 0.91126569 | EY40: 81.89223 | EZ40: 0 | FA40: #DIV/0! | FB40: #DIV/0! | FC40: 30 | FD40: 32/47 | FJ40: 38 | FK40: 38 | FL40: 57 | FM40: MC | FN40: 30 | FO40: 47 | FP40: 0.68085106 | FQ40: 32 | FR40: 0.64198459 | FS40: 73.95584 | FT40: 0.14893617 | FU40: -0.99109607 | FV40: 16.081934 | FW40: 0.085106383 | FX40: -0.45037791 | FY40: 32.621898 | FZ40: 0.021276596 | GA40: -0.81181767 | GB40: 20.844813 | GC40: -0.055917023 | GD40: -0.22 | GE40: -0.13795851 | GF40: 0.058857246 | GG40: 52.346709 | GH40: 34 | GI40: 0.2605745 | GJ40: 0.12 | GK40: 0.19028725 | GL40: 0.64180734 | GM40: 73.950086 | GN40: 71 | GO40: 0.018793817 | GP40: 0.01 | GQ40: 0.014396908 | GR40: 0.2642496 | GS40: 60.42062 | GT40: 159 | GU40: 75.806452 | GV40: 43 | GW40: 40 | GX40: 0.0083 | GY40: 0.0469 | GZ40: 0.10425 | HA40: 100 | HB40: 750 | HC40: 380 | HD40: -0.0016009901 | HE40: -0.025161765 | HF40: -0.018733333 | HH40: =IFERROR(RANK(HI40,HI$4:HI$1100),"") -> 43 | HI40: =IFERROR(((J40*G$1)+(N40*K$1)+(R40*O$1)+(V40*S$1)+(Z40*W$1)+(AD40*AA$1)+(AH40*AE$1)+(AL40*AI$1)+(AP40*AM$1)+(AT40*AQ$1)+(AX40*AU$1)+(BB40*AY$1)+(BF40*BC$1)+(BJ40*BG$1)+(BN40*BK$1)+(BR40*BO$1)+(BV40*BS$1)+(BZ40*BW$1)+(CD40*CA$1)+(CH40*CE$1)+(CL40*CI$1)+(CP40*CM$1)+(CT40*CQ$1)+(CX40*CU$1)+(DB40*CY$1)+(DF40*DC$1)+(DJ40*DG$1)+(DN40*DK$1)+(DQ40*DO$1)+(DT40*DR$1)+(DW40*DU$1)+(EU40*EU$1)+(EY40*EV$1)+(FC40*EZ$1)+(FS40*FP$1)+(GB40*FZ$1)+(FY40*FW$1)+(FV40*FT$1)+(GG40*GE$1)+(GM40*GK$1)+(GS40*GQ$1)+(GU40*GU$1))*(1+HG40),"") -> 59.569712 | HJ40: 7200 | HK40: 0.0853 | HL40: =IFERROR(GV40-HH40,"") -> 0 | HM40: =IFERROR(HI40/(HJ40/1000),0) -> 8.2735711 | HN40: 8900 | HO40: 0.0631 | HP40: =GW40-HH40 -> -3 | HQ40: =HI40/(HN40/1000) -> 6.6932261
A41: Lanto Griffin | B41: 230 | C41: 1600 | D41: 630 | E41: 46 | F41: 35.9375 | G41: -0.18 | H41: 72 | I41: -0.37623966 | J41: 35.336937 | K41: -0.18 | L41: 78 | M41: -0.29380499 | N41: 38.445346 | O41: -0.28 | P41: 89 | Q41: -0.58310151 | R41: 27.991248 | S41: 84.7 | T41: 49 | U41: 0.44015756 | V41: 67.00885 | W41: 83.9 | X41: 28 | Y41: 0.76334407 | Z41: 77.737089 | AA41: 83 | AB41: 38 | AC41: 0.53800526 | AD41: 70.471329 | AE41: 0.25 | AF41: 37 | AG41: 0.48611122 | AH41: 68.655584 | AI41: 0.02 | AJ41: 53 | AK41: 0.22033321 | AL41: 58.719417 | AM41: 0.07 | AN41: 51 | AO41: 0.32499511 | AP41: 62.740761 | AT41: 58.719417 | AX41: 58.719417 | BB41: 58.719417 | BC41: -0.04 | BD41: 74 | BE41: -0.13057408 | BF41: 44.805612 | BG41: 0.03 | BH41: 56 | BI41: 0.11773361 | BJ41: 54.686063 | BK41: 0.09 | BL41: 36 | BM41: 0.42808663 | BN41: 66.570598 | BO41: -0.86 | BP41: 114 | BQ41: -1.7122996 | BR41: 4.3420733 | BS41: -0.31 | BT41: 88 | BU41: -0.68460505 | BV41: 24.679659 | BW41: -0.08 | BX41: 67 | BY41: -0.075162676 | BZ41: 47.004264 | CA41: 0.13 | CB41: 45 | CC41: 0.33297457 | CD41: 63.042326 | CE41: 0.31 | CF41: 32 | CG41: 0.51395008 | CH41: 69.635655 | CI41: 0.26 | CJ41: 49 | CK41: 0.16082381 | CL41: 56.388392 | CM41: 0.54 | CN41: 23 | CO41: 0.84660144 | CP41: 80.139134 | CQ41: 18.7 | CR41: 108 | CS41: -1.3073634 | CT41: 9.554466 | CU41: 19.8 | CV41: 88 | CW41: -0.48984368 | CX41: 31.212226 | CY41: 22 | CZ41: 59 | DA41: 0.19034119 | DB41: 57.547911 | DC41: 85.6 | DD41: 49 | DE41: 0.2797184 | DF41: 61.015322 | DG41: 85.8 | DH41: 30 | DI41: 0.66009891 | DJ41: 74.540482 | DK41: 84.7 | DL41: 61 | DM41: 0.018604202 | DN41: 50.742157 | DQ41: 0 | DT41: 0 | DW41: 0 | DX41: #N/A | DY41: #N/A | DZ41: #N/A | EA41: #N/A | EB41: #N/A | EH41: -0.5 | EI41: #DIV/0! | EJ41: 0 | EK41: 0 | EL41: #DIV/0! | EM41: 0 | EN41: 0 | EO41: #DIV/0! | EP41: 0 | EQ41: 10 | ER41: 2.5 | ES41: #DIV/0! | ET41: 0 | EU41: 0 | EV41: -0.26 | EW41: -0.71002168 | EX41: -0.71002168 | EY41: 23.884535 | EZ41: 0 | FA41: #DIV/0! | FB41: #DIV/0! | FC41: 30 | FD41: 21/44 | FE41: 3 | FJ41: MC | FK41: MC | FL41: 64 | FM41: MC | FN41: 55 | FO41: 44 | FP41: 0.47727273 | FQ41: 21 | FR41: -0.53668241 | FS41: 29.57435 | FT41: 0.27272727 | FU41: -0.026834872 | FV41: 48.929572 | FW41: 0.13636364 | FX41: 0.27423762 | FY41: 60.804899 | FZ41: 0.068181818 | GA41: 0.13933143 | GB41: 55.540587 | GC41: -0.2098373 | GD41: -0.71 | GE41: -0.45991865 | GF41: -0.32030891 | GG41: 37.436709 | GH41: 34 | GI41: 0.066917496 | GJ41: -0.21 | GK41: -0.071541252 | GL41: 0.25597264 | GM41: 60.101402 | GN41: 57 | GO41: 0.01352635 | GP41: -0.38 | GQ41: -0.18323683 | GR41: -0.058560403 | GS41: 47.665113 | GT41: 130 | GU41: 44.354839 | GV41: 78 | GW41: 89 | GX41: 0.0041 | GY41: 0.02365 | GZ41: 0.0547 | HA41: 230 | HB41: 1600 | HC41: 630 | HD41: -0.00022900433 | HE41: -0.010005882 | HF41: -0.024684247 | HH41: =IFERROR(RANK(HI41,HI$4:HI$1100),"") -> 66 | HI41: =IFERROR(((J41*G$1)+(N41*K$1)+(R41*O$1)+(V41*S$1)+(Z41*W$1)+(AD41*AA$1)+(AH41*AE$1)+(AL41*AI$1)+(AP41*AM$1)+(AT41*AQ$1)+(AX41*AU$1)+(BB41*AY$1)+(BF41*BC$1)+(BJ41*BG$1)+(BN41*BK$1)+(BR41*BO$1)+(BV41*BS$1)+(BZ41*BW$1)+(CD41*CA$1)+(CH41*CE$1)+(CL41*CI$1)+(CP41*CM$1)+(CT41*CQ$1)+(CX41*CU$1)+(DB41*CY$1)+(DF41*DC$1)+(DJ41*DG$1)+(DN41*DK$1)+(DQ41*DO$1)+(DT41*DR$1)+(DW41*DU$1)+(EU41*EU$1)+(EY41*EV$1)+(FC41*EZ$1)+(FS41*FP$1)+(GB41*FZ$1)+(FY41*FW$1)+(FV41*FT$1)+(GG41*GE$1)+(GM41*GK$1)+(GS41*GQ$1)+(GU41*GU$1))*(1+HG41),"") -> 50.56907 | HJ41: 6600 | HK41: 0.0105 | HL41: =IFERROR(GV41-HH41,"") -> 12 | HM41: =IFERROR(HI41/(HJ41/1000),0) -> 7.6619803 | HN41: 7600 | HO41: 0.0074 | HP41: =GW41-HH41 -> 23 | HQ41: =HI41/(HN41/1000) -> 6.653825
A42: Jonathan Byrd | B42: 800 | C42: 2900 | D42: 1350 | E42: 10 | F42: 7.8125 | G42: -0.56 | H42: 102 | I42: -1.2704911 | J42: 10.195487 | K42: -0.75 | L42: 114 | M42: -1.6975456 | N42: 4.4796783 | O42: -0.75 | P42: 117 | Q42: -1.851257 | R42: 3.2066297 | S42: 87.5 | T42: 13 | U42: 1.1680257 | V42: 87.86018 | W42: 87.9 | X42: 4 | Y42: 1.8234235 | Z42: 96.588036 | AA42: 87.3 | AB42: 4 | AC42: 1.8238161 | AD42: 96.591006 | AE42: -0.3 | AF42: 87 | AG42: -0.49305211 | AH42: 31.098788 | AI42: -0.51 | AJ42: 102 | AK42: -0.8636307 | AL42: 19.38954 | AM42: -0.14 | AN42: 78 | AO42: -0.11467952 | AP42: 45.434957 | AT42: 19.38954 | AX42: 19.38954 | BB42: 19.38954 | BC42: 0.48 | BD42: 6 | BE42: 1.7329858 | BF42: 95.84509 | BG42: 0.72 | BH42: 2 | BI42: 2.6084211 | BJ42: 99.545195 | BK42: 0.58 | BL42: 2 | BM42: 2.1913458 | BN42: 98.578661 | BO42: 0.53 | BP42: 17 | BQ42: 1.1436687 | BR42: 87.361946 | BS42: 0.61 | BT42: 5 | BU42: 1.6959564 | BV42: 95.505293 | BW42: 0.65 | BX42: 3 | BY42: 1.8737245 | BZ42: 96.951579 | CA42: 0.72 | CB42: 12 | CC42: 1.296432 | CD42: 90.258666 | CE42: -0.07 | CF42: 60 | CG42: 0.11006782 | CH42: 54.382221 | CI42: 0.47 | CJ42: 29 | CK42: 0.54598245 | CL42: 70.7461 | CM42: 0.1 | CN42: 49 | CO42: 0.33511506 | CP42: 63.123085 | CQ42: 22.7 | CR42: 45 | CS42: 0.34213012 | CT42: 63.387351 | CU42: 23.6 | CV42: 10 | CW42: 1.2664713 | CX42: 89.732781 | CY42: 23.1 | CZ42: 22 | DA42: 0.76681504 | DB42: 77.840425 | DC42: 87 | DD42: 23 | DE42: 0.79544921 | DF42: 78.682388 | DG42: 86.5 | DH42: 13 | DI42: 0.93944701 | DJ42: 82.624936 | DK42: 86.1 | DL42: 29 | DM42: 0.68303999 | DN42: 75.270921 | DQ42: 0 | DT42: 0 | DW42: 0 | DX42: #N/A | DY42: #N/A | DZ42: #N/A | EA42: #N/A | EB42: #N/A | EH42: -0.5 | EI42: #DIV/0! | EJ42: 0 | EK42: 0 | EL42: #DIV/0! | EM42: 0 | EN42: 0 | EO42: #DIV/0! | EP42: 0 | EQ42: 10 | ER42: 2.5 | ES42: #DIV/0! | ET42: 0 | EU42: 0 | EV42: -0.05 | EW42: -0.42148748 | EX42: -0.42148748 | EY42: 33.669957 | EZ42: 0 | FA42: #DIV/0! | FB42: #DIV/0! | FC42: 30 | FD42: 12/21 | FM42: 30 | FN42: 39 | FO42: 21 | FP42: 0.57142857 | FQ42: 12 | FR42: 0.0084560748 | FS42: 50.337345 | FT42: 0.23809524 | FU42: -0.29659842 | FV42: 38.338656 | FW42: 0 | FX42: -1.6535131 | FY42: 4.9113237 | FZ42: 0 | GA42: -1.2432667 | GB42: 10.688478 | GC42: 0.060124592 | GD42: -0.54 | GE42: -0.2399377 | GF42: -0.061241652 | GG42: 47.558338 | GH42: 18 | GI42: -0.57120345 | GJ42: -0.95 | GK42: -0.76060172 | GL42: -0.75943797 | GM42: 22.37953 | GN42: 32 | GO42: -0.12631832 | GP42: -0.74 | GQ42: -0.43315916 | GR42: -0.4667773 | GS42: 32.032961 | GT42: 66 | GU42: 1.6129032 | GV42: 99 | GW42: 109 | GX42: 0.00245 | GY42: 0.0167 | GZ42: 0.04285 | HA42: 800 | HB42: 2900 | HC42: 1350 | HD42: 0.0012015605 | HE42: 0.0061833333 | HF42: 0.028489655 | HH42: =IFERROR(RANK(HI42,HI$4:HI$1100),"") -> 74 | HI42: =IFERROR(((J42*G$1)+(N42*K$1)+(R42*O$1)+(V42*S$1)+(Z42*W$1)+(AD42*AA$1)+(AH42*AE$1)+(AL42*AI$1)+(AP42*AM$1)+(AT42*AQ$1)+(AX42*AU$1)+(BB42*AY$1)+(BF42*BC$1)+(BJ42*BG$1)+(BN42*BK$1)+(BR42*BO$1)+(BV42*BS$1)+(BZ42*BW$1)+(CD42*CA$1)+(CH42*CE$1)+(CL42*CI$1)+(CP42*CM$1)+(CT42*CQ$1)+(CX42*CU$1)+(DB42*CY$1)+(DF42*DC$1)+(DJ42*DG$1)+(DN42*DK$1)+(DQ42*DO$1)+(DT42*DR$1)+(DW42*DU$1)+(EU42*EU$1)+(EY42*EV$1)+(FC42*EZ$1)+(FS42*FP$1)+(GB42*FZ$1)+(FY42*FW$1)+(FV42*FT$1)+(GG42*GE$1)+(GM42*GK$1)+(GS42*GQ$1)+(GU42*GU$1))*(1+HG42),"") -> 47.093354 | HJ42: 6300 | HK42: 0.0042 | HL42: =IFERROR(GV42-HH42,"") -> 25 | HM42: =IFERROR(HI42/(HJ42/1000),0) -> 7.4751356 | HN42: 7100 | HO42: 0.0047 | HP42: =GW42-HH42 -> 35 | HQ42: =HI42/(HN42/1000) -> 6.6328668
A43: Tom Hoge | B43: 125 | C43: 980 | D43: 410 | E43: 70 | F43: 54.6875 | G43: -0.43 | H43: 96 | I43: -0.96456299 | J43: 16.738187 | K43: -0.5 | L43: 105 | M43: -1.0818699 | N43: 13.965518 | O43: -0.47 | P43: 109 | Q43: -1.0957601 | R43: 13.659189 | S43: 80.2 | T43: 90 | U43: -0.72963055 | V43: 23.280802 | W43: 79.3 | X43: 86 | Y43: -0.45574725 | Z43: 32.428587 | AA43: 80 | AB43: 84 | AC43: -0.35907209 | AD43: 35.977058 | AE43: 0.85 | AF43: 7 | AG43: 1.5542894 | AH43: 93.99423 | AI43: 0.41 | AJ43: 18 | AK43: 1.017967 | AL43: 84.565319 | AM43: 0.34 | AN43: 16 | AO43: 0.89029106 | AP43: 81.334519 | AT43: 84.565319 | AX43: 84.565319 | BB43: 84.565319 | BC43: -0.03 | BD43: 73 | BE43: -0.094736388 | BF43: 46.226211 | BG43: -0.16 | BH43: 94 | BI43: -0.56810788 | BJ43: 28.498086 | BK43: -0.23 | BL43: 106 | BM43: -0.72342953 | BN43: 23.470802 | BO43: 0.05 | BP43: 52 | BQ43: 0.15743501 | BR43: 56.254899 | BS43: -0.31 | BT43: 88 | BU43: -0.68460505 | BV43: 24.679659 | BW43: -0.24 | BX43: 85 | BY43: -0.50231602 | BZ43: 30.772262 | CA43: 0.38 | CB43: 26 | CC43: 0.74121926 | CD43: 77.071975 | CE43: -0.58 | CF43: 85 | CG43: -0.43198468 | CH43: 33.287627 | CI43: 0.22 | CJ43: 55 | CK43: 0.087460264 | CL43: 53.484717 | CM43: -0.86 | CN43: 95 | CO43: -0.78085524 | CP43: 21.744382 | CQ43: 24.5 | CR43: 18 | CS43: 1.0844022 | CT43: 86.090675 | CU43: 22.4 | CV43: 26 | CW43: 0.71184554 | CX43: 76.171978 | CY43: 23.6 | CZ43: 10 | DA43: 1.0288486 | DB43: 84.822459 | DC43: 86.4 | DD43: 39 | DE43: 0.57442172 | DF43: 71.715877 | DG43: 82.6 | DH43: 91 | DI43: -0.61692099 | DJ43: 26.864342 | DK43: 83.3 | DL43: 92 | DM43: -0.64583158 | DN43: 25.919422 | DQ43: 0 | DT43: 0 | DW43: 0 | DX43: #N/A | DY43: #N/A | DZ43: #N/A | EA43: #N/A | EB43: #N/A | EH43: -0.5 | EI43: #DIV/0! | EJ43: 0 | EK43: 0 | EL43: #DIV/0! | EM43: 0 | EN43: 0 | EO43: #DIV/0! | EP43: 0 | EQ43: 10 | ER43: 2.5 | ES43: #DIV/0! | ET43: 0 | EU43: 0 | EV43: 0.2 | EW43: -0.077994399 | EX43: -0.077994399 | EY43: 46.891625 | EZ43: 0 | FA43: #DIV/0! | FB43: #DIV/0! | FC43: 30 | FD43: 36/54 | FJ43: 29 | FK43: MC | FL43: MC | FN43: 10 | FO43: 54 | FP43: 0.66666667 | FQ43: 36 | FR43: 0.55986052 | FS43: 71.221271 | FT43: 0.33333333 | FU43: 0.44525134 | FV43: 67.193094 | FW43: 0.12962963 | FX43: 0.17904005 | FY43: 57.104687 | FZ43: 0.074074074 | GA43: 0.25881522 | GB43: 60.211109 | GC43: 0.26211076 | GD43: 0.3 | GE43: 0.28105538 | GF43: 0.5523217 | GG43: 70.963602 | GH43: 38 | GI43: -0.31804553 | GJ43: -0.28 | GK43: -0.29902276 | GL43: -0.079247778 | GM43: 46.841777 | GN43: 84 | GO43: -0.37175948 | GP43: -0.22 | GQ43: -0.29587974 | GR43: -0.24254852 | GS43: 40.417758 | GT43: 180 | GU43: 92.741935 | GV43: 53 | GW43: 61 | GX43: 0.00765 | GY43: 0.0399 | GZ43: 0.0872 | HA43: 125 | HB43: 980 | HC43: 410 | HD43: -0.00028650794 | HE43: -0.014651852 | HF43: -0.040690196 | HH43: =IFERROR(RANK(HI43,HI$4:HI$1100),"") -> 52 | HI43: =IFERROR(((J43*G$1)+(N43*K$1)+(R43*O$1)+(V43*S$1)+(Z43*W$1)+(AD43*AA$1)+(AH43*AE$1)+(AL43*AI$1)+(AP43*AM$1)+(AT43*AQ$1)+(AX43*AU$1)+(BB43*AY$1)+(BF43*BC$1)+(BJ43*BG$1)+(BN43*BK$1)+(BR43*BO$1)+(BV43*BS$1)+(BZ43*BW$1)+(CD43*CA$1)+(CH43*CE$1)+(CL43*CI$1)+(CP43*CM$1)+(CT43*CQ$1)+(CX43*CU$1)+(DB43*CY$1)+(DF43*DC$1)+(DJ43*DG$1)+(DN43*DK$1)+(DQ43*DO$1)+(DT43*DR$1)+(DW43*DU$1)+(EU43*EU$1)+(EY43*EV$1)+(FC43*EZ$1)+(FS43*FP$1)+(GB43*FZ$1)+(FY43*FW$1)+(FV43*FT$1)+(GG43*GE$1)+(GM43*GK$1)+(GS43*GQ$1)+(GU43*GU$1))*(1+HG43),"") -> 54.840697 | HJ43: 7000 | HK43: 0.025 | HL43: =IFERROR(GV43-HH43,"") -> 1 | HM43: =IFERROR(HI43/(HJ43/1000),0) -> 7.8343853 | HN43: 8300 | HO43: 0.0155 | HP43: =GW43-HH43 -> 9 | HQ43: =HI43/(HN43/1000) -> 6.6073129
A44: Denny McCarthy | B44: 50 | C44: 600 | D44: 210 | E44: 108 | F44: 84.375 | G44: -0.28 | H44: 88 | I44: -0.61156899 | J44: 27.041148 | K44: -0.5 | L44: 105 | M44: -1.0818699 | N44: 13.965518 | O44: -0.41 | P44: 104 | Q44: -0.93386792 | R44: 17.518602 | S44: 84.8 | T44: 46 | U44: 0.46615285 | V44: 67.944695 | W44: 78.4 | X44: 94 | Y44: -0.69426512 | Z44: 24.375798 | AA44: 79.3 | AB44: 92 | AC44: -0.56839014 | AD44: 28.488504 | AE44: 0.25 | AF44: 37 | AG44: 0.48611122 | AH44: 68.655584 | AI44: 0.13 | AJ44: 43 | AK44: 0.44530685 | AL44: 67.195099 | AM44: 0 | AN44: 60 | AO44: 0.1784369 | AP44: 57.081006 | AT44: 67.195099 | AX44: 67.195099 | BB44: 67.195099 | BC44: -0.07 | BD44: 80 | BE44: -0.23808715 | BF44: 40.590675 | BG44: -0.01 | BH44: 64 | BI44: -0.026654072 | BJ44: 48.936782 | BK44: -0.01 | BL44: 60 | BM44: 0.068237833 | BN44: 52.720184 | BO44: 0.66 | BP44: 5 | BQ44: 1.4107736 | BR44: 92.084431 | BS44: 0.67 | BT44: 3 | BU44: 1.8512104 | BV44: 96.793035 | BW44: 0.55 | BX44: 6 | BY44: 1.6067536 | BZ44: 94.594579 | CA44: 0.2 | CB44: 39 | CC44: 0.44728309 | CD44: 67.266466 | CE44: -0.75 | CF44: 92 | CG44: -0.61266885 | CH44: 27.004766 | CI44: 0.28 | CJ44: 46 | CK44: 0.19750559 | CL44: 57.828405 | CM44: -0.5 | CN44: 81 | CO44: -0.36236638 | CP44: 35.853913 | CQ44: 22.2 | CR44: 53 | CS44: 0.13594343 | CT44: 55.4067 | CU44: 20.4 | CV44: 76 | CW44: -0.21253079 | CX44: 41.584648 | CY44: 20.8 | CZ44: 94 | DA44: -0.43853938 | DB44: 33.049766 | DC44: 89.4 | DD44: 3 | DE44: 1.6795592 | DF44: 95.347844 | DG44: 86.3 | DH44: 16 | DI44: 0.85963327 | DJ44: 80.500439 | DK44: 86.4 | DL44: 21 | DM44: 0.82541909 | DN44: 79.543315 | DQ44: 0 | DT44: 0 | DW44: 0 | DX44: #N/A | DY44: #N/A | DZ44: #N/A | EA44: #N/A | EB44: #N/A | EH44: -0.5 | EI44: #DIV/0! | EJ44: 0 | EK44: 0 | EL44: #DIV/0! | EM44: 0 | EN44: 0 | EO44: #DIV/0! | EP44: 0 | EQ44: 10 | ER44: 2.5 | ES44: #DIV/0! | ET44: 0 | EU44: 0 | EV44: 0.768 | EW44: 0.70242189 | EX44: 0.70242189 | EY44: 75.879195 | EZ44: 0 | FA44: #DIV/0! | FB44: #DIV/0! | FC44: 30 | FD44: 38/45 | FJ44: 29 | FK44: MC | FL44: 3 | FN44: 39 | FO44: 45 | FP44: 0.84444444 | FQ44: 38 | FR44: 1.5891488 | FS44: 94.39866 | FT44: 0.33333333 | FU44: 0.44525134 | FV44: 67.193094 | FW44: 0.15555556 | FX44: 0.54555069 | FY44: 70.731259 | FZ44: 0.022222222 | GA44: -0.79264216 | GB44: 21.399317 | GC44: 0.60358682 | GD44: 0.45 | GE44: 0.52679341 | GF44: 0.84172256 | GG44: 80.002837 | GH44: 32 | GI44: 0.12974565 | GJ44: 0.48 | GK44: 0.30487283 | GL44: 0.81066249 | GM44: 79.122024 | GN44: 78 | GO44: 0.35431105 | GP44: 0.33 | GQ44: 0.34215552 | GR44: 0.79960233 | GS44: 78.802938 | GT44: 166 | GU44: 93.548387 | GV44: 18 | GW44: 23 | GX44: 0.00525 | GY44: 0.0407 | GZ44: 0.1012 | HA44: 50 | HB44: 600 | HC44: 210 | HD44: -0.014357843 | HE44: -0.055942857 | HF44: -0.13151774 | HH44: =IFERROR(RANK(HI44,HI$4:HI$1100),"") -> 29 | HI44: =IFERROR(((J44*G$1)+(N44*K$1)+(R44*O$1)+(V44*S$1)+(Z44*W$1)+(AD44*AA$1)+(AH44*AE$1)+(AL44*AI$1)+(AP44*AM$1)+(AT44*AQ$1)+(AX44*AU$1)+(BB44*AY$1)+(BF44*BC$1)+(BJ44*BG$1)+(BN44*BK$1)+(BR44*BO$1)+(BV44*BS$1)+(BZ44*BW$1)+(CD44*CA$1)+(CH44*CE$1)+(CL44*CI$1)+(CP44*CM$1)+(CT44*CQ$1)+(CX44*CU$1)+(DB44*CY$1)+(DF44*DC$1)+(DJ44*DG$1)+(DN44*DK$1)+(DQ44*DO$1)+(DT44*DR$1)+(DW44*DU$1)+(EU44*EU$1)+(EY44*EV$1)+(FC44*EZ$1)+(FS44*FP$1)+(GB44*FZ$1)+(FY44*FW$1)+(FV44*FT$1)+(GG44*GE$1)+(GM44*GK$1)+(GS44*GQ$1)+(GU44*GU$1))*(1+HG44),"") -> 64.086617 | HJ44: 8300 | HK44: 0.1168 | HL44: =IFERROR(GV44-HH44,"") -> -11 | HM44: =IFERROR(HI44/(HJ44/1000),0) -> 7.7212791 | HN44: 9700 | HO44: 0.11 | HP44: =GW44-HH44 -> -6 | HQ44: =HI44/(HN44/1000) -> 6.6068677
A45: Lucas Glover | B45: 160 | C45: 1400 | D45: 550 | E45: 58 | F45: 45.3125 | G45: 0 | H45: 64 | I45: 0.047353145 | J45: 51.888411 | K45: -0.01 | L45: 60 | M45: 0.12485448 | N45: 54.968062 | O45: -0.08 | P45: 67 | Q45: -0.043460895 | R45: 48.266707 | S45: 88 | T45: 9 | U45: 1.2980022 | V45: 90.28567 | W45: 86.3 | X45: 9 | Y45: 1.3993917 | Z45: 91.915222 | AA45: 86.4 | AB45: 7 | AC45: 1.5546929 | AD45: 93.999039 | AE45: 0.79 | AF45: 9 | AG45: 1.4474716 | AH45: 92.611755 | AI45: 0.24 | AJ45: 29 | AK45: 0.67028049 | AL45: 74.86605 | AM45: 0.23 | AN45: 29 | AO45: 0.6599853 | AP45: 74.536837 | AT45: 74.86605 | AX45: 74.86605 | BB45: 74.86605 | BC45: -0.18 | BD45: 94 | BE45: -0.63230174 | BF45: 26.359486 | BG45: -0.18 | BH45: 96 | BI45: -0.64030172 | BJ45: 26.098823 | BK45: -0.16 | BL45: 91 | BM45: -0.47153537 | BN45: 31.862924 | BO45: -0.81 | BP45: 110 | BQ45: -1.6095669 | BR45: 5.3746214 | BS45: -0.72 | BT45: 116 | BU45: -1.7455074 | BV45: 4.0448291 | BW45: -0.69 | BX45: 117 | BY45: -1.7036848 | BZ45: 4.4219994 | CA45: -0.63 | CB45: 111 | CC45: -0.90808928 | CD45: 18.191553 | CE45: -0.55 | CF45: 84 | CG45: -0.40009924 | CH45: 34.454171 | CI45: -0.04 | CJ45: 79 | CK45: -0.3894028 | CL45: 34.84891 | CM45: -1.06 | CN45: 104 | CO45: -1.0133491 | CP45: 15.544673 | CQ45: 22.2 | CR45: 53 | CS45: 0.13594343 | CT45: 55.4067 | CU45: 18.6 | CV45: 108 | CW45: -1.0444695 | CX45: 14.813412 | CY45: 18.9 | CZ45: 117 | DA45: -1.434267 | DB45: 7.5748048 | DC45: 86.4 | DD45: 39 | DE45: 0.57442172 | DF45: 71.715877 | DG45: 84.2 | DH45: 60 | DI45: 0.021588963 | DJ45: 50.861208 | DK45: 84.2 | DL45: 76 | DM45: -0.21869429 | DN45: 41.34441 | DQ45: 0 | DT45: 0 | DW45: 0 | DX45: #N/A | DY45: #N/A | DZ45: #N/A | EA45: #N/A | EB45: #N/A | EH45: -0.5 | EI45: #DIV/0! | EJ45: 0 | EK45: 0 | EL45: #DIV/0! | EM45: 0 | EN45: 0 | EO45: #DIV/0! | EP45: 0 | EQ45: 10 | ER45: 2.5 | ES45: #DIV/0! | ET45: 0 | EU45: 0 | EV45: 1.88 | EW45: 2.2302791 | EX45: 2.2302791 | EY45: 98.713554 | EZ45: 0 | FA45: #DIV/0! | FB45: #DIV/0! | FC45: 30 | FD45: 26/42 | FJ45: MC | FK45: MC | FL45: 57 | FN45: 5 | FO45: 42 | FP45: 0.61904762 | FQ45: 26 | FR45: 0.2841583 | FS45: 61.185546 | FT45: 0.28571429 | FU45: 0.074326459 | FV45: 52.962469 | FW45: 0.14285714 | FX45: 0.36603528 | FY45: 64.283062 | FZ45: 0.11904762 | GA45: 1.1707936 | GB45: 87.915912 | GC45: -0.58613623 | GD45: -0.33 | GE45: -0.45806812 | GF45: -0.31812957 | GG45: 37.519333 | GH45: 32 | GI45: -0.83387654 | GJ45: -0.49 | GK45: -0.66193827 | GL45: -0.61404591 | GM45: 26.959249 | GN45: 61 | GO45: -0.16756666 | GP45: -0.44 | GQ45: -0.30378333 | GR45: -0.25545805 | GS45: 39.918467 | GT45: 136 | GU45: 91.129032 | GV45: 71 | GW45: 73 | GX45: 0.00425 | GY45: 0.02845 | GZ45: 0.0658 | HA45: 160 | HB45: 1400 | HC45: 550 | HD45: -0.0019611801 | HE45: -0.0075333333 | HF45: -0.023573077 | HH45: =IFERROR(RANK(HI45,HI$4:HI$1100),"") -> 61 | HI45: =IFERROR(((J45*G$1)+(N45*K$1)+(R45*O$1)+(V45*S$1)+(Z45*W$1)+(AD45*AA$1)+(AH45*AE$1)+(AL45*AI$1)+(AP45*AM$1)+(AT45*AQ$1)+(AX45*AU$1)+(BB45*AY$1)+(BF45*BC$1)+(BJ45*BG$1)+(BN45*BK$1)+(BR45*BO$1)+(BV45*BS$1)+(BZ45*BW$1)+(CD45*CA$1)+(CH45*CE$1)+(CL45*CI$1)+(CP45*CM$1)+(CT45*CQ$1)+(CX45*CU$1)+(DB45*CY$1)+(DF45*DC$1)+(DJ45*DG$1)+(DN45*DK$1)+(DQ45*DO$1)+(DT45*DR$1)+(DW45*DU$1)+(EU45*EU$1)+(EY45*EV$1)+(FC45*EZ$1)+(FS45*FP$1)+(GB45*FZ$1)+(FY45*FW$1)+(FV45*FT$1)+(GG45*GE$1)+(GM45*GK$1)+(GS45*GQ$1)+(GU45*GU$1))*(1+HG45),"") -> 51.99184 | HJ45: 6700 | HK45: 0.032 | HL45: =IFERROR(GV45-HH45,"") -> 10 | HM45: =IFERROR(HI45/(HJ45/1000),0) -> 7.7599762 | HN45: 8000 | HO45: 0.015 | HP45: =GW45-HH45 -> 12 | HQ45: =HI45/(HN45/1000) -> 6.49898
A46: Davis Thompson | B46: 25 | C46: 300 | D46: 137 | E46: 126 | F46: 98.4375 | G46: 0.34 | H46: 24 | I46: 0.84747288 | J46: 80.16342 | K46: 0.27 | L46: 25 | M46: 0.81441125 | N46: 79.22953 | O46: 0.31 | P46: 21 | Q46: 1.0088383 | R46: 84.347391 | S46: 83.6 | T46: 55 | U46: 0.15420935 | V46: 56.127767 | W46: 80.9 | X46: 60 | Y46: -0.031715491 | Z46: 48.734947 | AA46: 82.1 | AB46: 52 | AC46: 0.26888205 | AD46: 60.598978 | AE46: 1.05 | AF46: 1 | AG46: 1.9103488 | AH46: 97.195584 | AI46: 0.69 | AJ46: 3 | AK46: 1.5906272 | AL46: 94.415325 | AM46: 0.51 | AN46: 7 | AO46: 1.2462181 | AP46: 89.365784 | AT46: 94.415325 | AX46: 94.415325 | BB46: 94.415325 | BC46: -0.19 | BD46: 96 | BE46: -0.66813943 | BF46: 25.20223 | BG46: 0.01 | BH46: 59 | BI46: 0.045539768 | BJ46: 51.816146 | BK46: -0.02 | BL46: 64 | BM46: 0.032252953 | BN46: 51.286484 | BO46: 0.05 | BP46: 52 | BQ46: 0.15743501 | BR46: 56.254899 | BS46: -0.17 | BT46: 77 | BU46: -0.3223457 | BV46: 37.359541 | BW46: -0.28 | BX46: 91 | BY46: -0.60910436 | BZ46: 27.122763 | CA46: -0.46 | CB46: 101 | CC46: -0.63048289 | CD46: 26.418935 | CE46: -0.21 | CF46: 66 | CG46: -0.038730903 | CH46: 48.455247 | CI46: 0.14 | CJ46: 63 | CK46: -0.059266834 | CL46: 47.636979 | CM46: 0.2 | CN46: 44 | CO46: 0.45136196 | CP46: 67.413565 | CQ46: 25 | CR46: 9 | CS46: 1.2905889 | CT46: 90.157687 | CU46: 22.3 | CV46: 30 | CW46: 0.66562672 | CX46: 74.717514 | CY46: 22.6 | CZ46: 35 | DA46: 0.50478147 | DB46: 69.314383 | DC46: 86.6 | DD46: 32 | DE46: 0.64809755 | DF46: 74.153907 | DG46: 85.9 | DH46: 27 | DI46: 0.70000578 | DJ46: 75.803815 | DK46: 87 | DL46: 11 | DM46: 1.1101773 | DN46: 86.653868 | DQ46: 0 | DT46: 0 | DW46: 0 | DX46: #N/A | DY46: #N/A | DZ46: #N/A | EA46: #N/A | EB46: #N/A | EH46: -0.5 | EI46: #DIV/0! | EJ46: 0 | EK46: 0 | EL46: #DIV/0! | EM46: 0 | EN46: 0 | EO46: #DIV/0! | EP46: 0 | EQ46: 10 | ER46: 2.5 | ES46: #DIV/0! | ET46: 0 | EU46: 0 | EV46: 1.19 | EW46: 1.2822382 | EX46: 1.2822382 | EY46: 90.012045 | EZ46: 0 | FA46: #DIV/0! | FB46: #DIV/0! | FC46: 30 | FD46: 32/47 | FJ46: 14 | FK46: 8 | FL46: 7 | FN46: MC | FO46: 47 | FP46: 0.68085106 | FQ46: 32 | FR46: 0.64198459 | FS46: 73.95584 | FT46: 0.36170213 | FU46: 0.66622786 | FV46: 74.736727 | FW46: 0.14893617 | FX46: 0.45197351 | FY46: 67.435597 | FZ46: 0.063829787 | GA46: 0.051080479 | GB46: 52.03693 | GC46: 0.90848388 | GD46: 1.05 | GE46: 0.97924194 | GF46: 1.3745623 | GG46: 91.536641 | GH46: 30 | GI46: 0.76865584 | GJ46: 0.78 | GK46: 0.77432792 | GL46: 1.5024591 | GM46: 93.351071 | GN46: 69 | GO46: 0.5102038 | GP46: 0.57 | GQ46: 0.5401019 | GR46: 1.122923 | GS46: 86.92649 | GT46: 159 | GU46: 85.483871 | GV46: 5 | GW46: 3 | GX46: 0.0288 | GY46: 0.1418 | GZ46: 0.261 | HA46: 25 | HB46: 300 | HC46: 137 | HD46: -0.0096615385 | HE46: -0.014 | HF46: -0.022132068 | HH46: =IFERROR(RANK(HI46,HI$4:HI$1100),"") -> 9 | HI46: =IFERROR(((J46*G$1)+(N46*K$1)+(R46*O$1)+(V46*S$1)+(Z46*W$1)+(AD46*AA$1)+(AH46*AE$1)+(AL46*AI$1)+(AP46*AM$1)+(AT46*AQ$1)+(AX46*AU$1)+(BB46*AY$1)+(BF46*BC$1)+(BJ46*BG$1)+(BN46*BK$1)+(BR46*BO$1)+(BV46*BS$1)+(BZ46*BW$1)+(CD46*CA$1)+(CH46*CE$1)+(CL46*CI$1)+(CP46*CM$1)+(CT46*CQ$1)+(CX46*CU$1)+(DB46*CY$1)+(DF46*DC$1)+(DJ46*DG$1)+(DN46*DK$1)+(DQ46*DO$1)+(DT46*DR$1)+(DW46*DU$1)+(EU46*EU$1)+(EY46*EV$1)+(FC46*EZ$1)+(FS46*FP$1)+(GB46*FZ$1)+(FY46*FW$1)+(FV46*FT$1)+(GG46*GE$1)+(GM46*GK$1)+(GS46*GQ$1)+(GU46*GU$1))*(1+HG46),"") -> 75.957676 | HJ46: 9700 | HK46: 0.201 | HL46: =IFERROR(GV46-HH46,"") -> -4 | HM46: =IFERROR(HI46/(HJ46/1000),0) -> 7.8306883 | HN46: 11700 | HO46: 0.1886 | HP46: =GW46-HH46 -> -6 | HQ46: =HI46/(HN46/1000) -> 6.4921091
A47: Ben Silverman | B47: 210 | C47: 1600 | D47: 560 | E47: 49 | F47: 38.28125 | G47: -0.23 | H47: 82 | I47: -0.49390432 | J47: 31.068688 | K47: -0.17 | L47: 77 | M47: -0.26917796 | N47: 39.389637 | O47: 0.07 | P47: 46 | Q47: 0.36126957 | R47: 64.105103 | S47: 82.9 | T47: 62 | U47: -0.027757684 | V47: 48.892771 | W47: 83.8 | X47: 29 | Y47: 0.73684208 | Z47: 76.939081 | AA47: 85.2 | AB47: 12 | AC47: 1.195862 | AD47: 88.412479 | AE47: -0.07 | AF47: 64 | AG47: -0.083583811 | AH47: 46.669367 | AI47: -0.01 | AJ47: 57 | AK47: 0.15897676 | AL47: 56.315641 | AM47: -0.1 | AN47: 68 | AO47: -0.030931975 | AP47: 48.766189 | AT47: 56.315641 | AX47: 56.315641 | BB47: 56.315641 | BC47: 0.04 | BD47: 61 | BE47: 0.15612744 | BF47: 56.203372 | BG47: -0.08 | BH47: 79 | BI47: -0.27933251 | BJ47: 38.999483 | BK47: -0.03 | BL47: 69 | BM47: -0.0037319266 | BN47: 49.851118 | BO47: 0.28 | BP47: 37 | BQ47: 0.6300053 | BR47: 73.565444 | BS47: 0.46 | BT47: 11 | BU47: 1.3078214 | BV47: 90.453305 | BW47: 0.29 | BX47: 23 | BY47: 0.91262943 | BZ47: 81.928127 | CA47: 0.86 | CB47: 6 | CC47: 1.5250491 | CD47: 93.637657 | CE47: 0.14 | CF47: 42 | CG47: 0.33326591 | CH47: 63.053322 | CI47: 0.4 | CJ47: 33 | CK47: 0.41759623 | CL47: 66.187882 | CM47: -0.25 | CN47: 67 | CO47: -0.071749115 | CP47: 47.140078 | CQ47: 18.3 | CR47: 110 | CS47: -1.4723128 | CT47: 7.046822 | CU47: 20.1 | CV47: 83 | CW47: -0.35118723 | CX47: 36.272394 | CY47: 22.9 | CZ47: 27 | DA47: 0.66200161 | DB47: 74.601491 | DC47: 86.9 | DD47: 27 | DE47: 0.75861129 | DF47: 77.595744 | DG47: 87.4 | DH47: 8 | DI47: 1.2986089 | DJ47: 90.29609 | DK47: 87.3 | DL47: 9 | DM47: 1.2525564 | DN47: 89.48164 | DQ47: 0 | DT47: 0 | DW47: 0 | DX47: #N/A | DY47: #N/A | DZ47: #N/A | EA47: #N/A | EB47: #N/A | EH47: -0.5 | EI47: #DIV/0! | EJ47: 0 | EK47: 0 | EL47: #DIV/0! | EM47: 0 | EN47: 0 | EO47: #DIV/0! | EP47: 0 | EQ47: 10 | ER47: 2.5 | ES47: #DIV/0! | ET47: 0 | EU47: 0 | EV47: 0.57 | EW47: 0.43037537 | EX47: 0.43037537 | EY47: 66.653869 | EZ47: 0 | FA47: #DIV/0! | FB47: #DIV/0! | FC47: 30 | FD47: 21/46 | FJ47: MC | FK47: MC | FL47: MC | FM47: MC | FN47: 3 | FO47: 46 | FP47: 0.45652174 | FQ47: 21 | FR47: -0.65682538 | FS47: 25.56466 | FT47: 0.2173913 | FU47: -0.45787011 | FV47: 32.352288 | FW47: 0.065217391 | FX47: -0.73154539 | FY47: 23.222305 | FZ47: 0.043478261 | GA47: -0.36160994 | GB47: 35.882177 | GC47: 0.21558022 | GD47: -0.42 | GE47: -0.10220989 | GF47: 0.1009577 | GG47: 54.020798 | GH47: 24 | GI47: -0.56843313 | GJ47: -0.84 | GK47: -0.70421657 | GL47: -0.67634789 | GM47: 24.94099 | GN47: 58 | GO47: -0.33313924 | GP47: -0.64 | GQ47: -0.48656962 | GR47: -0.55401661 | GS47: 28.978374 | GT47: 133 | GU47: 38.709677 | GV47: 78 | GW47: 77 | GX47: 0.003 | GY47: 0.0225 | GZ47: 0.0576 | HA47: 210 | HB47: 1600 | HC47: 560 | HD47: -0.0017393365 | HE47: -0.0071058824 | HF47: -0.033192424 | HH47: =IFERROR(RANK(HI47,HI$4:HI$1100),"") -> 63 | HI47: =IFERROR(((J47*G$1)+(N47*K$1)+(R47*O$1)+(V47*S$1)+(Z47*W$1)+(AD47*AA$1)+(AH47*AE$1)+(AL47*AI$1)+(AP47*AM$1)+(AT47*AQ$1)+(AX47*AU$1)+(BB47*AY$1)+(BF47*BC$1)+(BJ47*BG$1)+(BN47*BK$1)+(BR47*BO$1)+(BV47*BS$1)+(BZ47*BW$1)+(CD47*CA$1)+(CH47*CE$1)+(CL47*CI$1)+(CP47*CM$1)+(CT47*CQ$1)+(CX47*CU$1)+(DB47*CY$1)+(DF47*DC$1)+(DJ47*DG$1)+(DN47*DK$1)+(DQ47*DO$1)+(DT47*DR$1)+(DW47*DU$1)+(EU47*EU$1)+(EY47*EV$1)+(FC47*EZ$1)+(FS47*FP$1)+(GB47*FZ$1)+(FY47*FW$1)+(FV47*FT$1)+(GG47*GE$1)+(GM47*GK$1)+(GS47*GQ$1)+(GU47*GU$1))*(1+HG47),"") -> 51.211892 | HJ47: 6600 | HK47: 0.0153 | HL47: =IFERROR(GV47-HH47,"") -> 15 | HM47: =IFERROR(HI47/(HJ47/1000),0) -> 7.7593775 | HN47: 7900 | HO47: 0.012 | HP47: =GW47-HH47 -> 14 | HQ47: =HI47/(HN47/1000) -> 6.4825179
A48: Stephan Jaeger | B48: 66 | C48: 600 | D48: 250 | E48: 92 | F48: 71.875 | G48: -0.64 | H48: 105 | I48: -1.4587546 | J48: 7.2316332 | K48: -0.27 | L48: 89 | M48: -0.51544824 | N48: 30.311992 | O48: -0.36 | P48: 97 | Q48: -0.79895776 | R48: 21.215745 | S48: 80.4 | T48: 87 | U48: -0.67763996 | V48: 24.9 | W48: 77.1 | X48: 104 | Y48: -1.0387909 | Z48: 14.945099 | AA48: 77.8 | AB48: 102 | AC48: -1.0169288 | AD48: 15.459365 | AE48: 0.21 | AF48: 42 | AG48: 0.41489934 | AH48: 66.08922 | AI48: -0.05 | AJ48: 60 | AK48: 0.077168165 | AL48: 53.075512 | AM48: -0.01 | AN48: 62 | AO48: 0.15750001 | AP48: 56.25746 | AT48: 53.075512 | AX48: 53.075512 | BB48: 53.075512 | BC48: 0.1 | BD48: 41 | BE48: 0.37115358 | BF48: 64.473843 | BG48: 0.27 | BH48: 14 | BI48: 0.9840597 | BJ48: 83.745692 | BK48: 0.4 | BL48: 4 | BM48: 1.5436179 | BN48: 93.865954 | BO48: 0.41 | BP48: 24 | BQ48: 0.89711025 | BR48: 81.516995 | BS48: 0.28 | BT48: 26 | BU48: 0.84205935 | BV48: 80.012263 | BW48: 0.28 | BX48: 27 | BY48: 0.88593235 | BZ48: 81.217301 | CA48: -0.14 | CB48: 74 | CC48: -0.10792969 | CD48: 45.702573 | CE48: -0.42 | CF48: 77 | CG48: -0.26192899 | CH48: 39.668809 | CI48: 0.02 | CJ48: 78 | CK48: -0.27935748 | CL48: 38.998525 | CM48: -0.36 | CN48: 76 | CO48: -0.19962071 | CP48: 42.088861 | CQ48: 23.9 | CR48: 25 | CS48: 0.83697818 | CT48: 79.869758 | CU48: 22.6 | CV48: 21 | CW48: 0.80428317 | CX48: 78.938327 | CY48: 23.5 | CZ48: 15 | DA48: 0.9764419 | DB48: 83.557724 | DC48: 86.7 | DD48: 31 | DE48: 0.68493546 | DF48: 75.330768 | DG48: 85.3 | DH48: 41 | DI48: 0.46056455 | DJ48: 67.744448 | DK48: 86.3 | DL48: 22 | DM48: 0.77795939 | DN48: 78.170352 | DQ48: 0 | DT48: 0 | DW48: 0 | DX48: #N/A | DY48: #N/A | DZ48: #N/A | EA48: #N/A | EB48: #N/A | EH48: -0.5 | EI48: #DIV/0! | EJ48: 0 | EK48: 0 | EL48: #DIV/0! | EM48: 0 | EN48: 0 | EO48: #DIV/0! | EP48: 0 | EQ48: 10 | ER48: 2.5 | ES48: #DIV/0! | ET48: 0 | EU48: 0 | EV48: 0.51 | EW48: 0.34793703 | EX48: 0.34793703 | EY48: 63.605626 | EZ48: 0 | FA48: #DIV/0! | FB48: #DIV/0! | FC48: 30 | FD48: 30/47 | FJ48: MC | FK48: 26 | FL48: MC | FM48: MC | FN48: 15 | FO48: 47 | FP48: 0.63829787 | FQ48: 30 | FR48: 0.39561239 | FS48: 65.38045 | FT48: 0.34042553 | FU48: 0.50049547 | FV48: 69.163688 | FW48: 0.17021277 | FX48: 0.75275731 | FY48: 77.420212 | FZ48: 0.063829787 | GA48: 0.051080479 | GB48: 52.03693 | GC48: 0.40854733 | GD48: -0.35 | GE48: 0.029273664 | GF48: 0.25580331 | GG48: 60.094864 | GH48: 29 | GI48: 0.19587764 | GJ48: 0.04 | GK48: 0.11793882 | GL48: 0.53519353 | GM48: 70.374198 | GN48: 66 | GO48: 0.18806036 | GP48: 0.1 | GQ48: 0.14403018 | GR48: 0.47598935 | GS48: 68.295902 | GT48: 154 | GU48: 83.870968 | GV48: 32 | GW48: 33 | GX48: 0.0119 | GY48: 0.0614 | GZ48: 0.12305 | HA48: 66 | HB48: 600 | HC48: 250 | HD48: -0.0030253731 | HE48: -0.034092857 | HF48: -0.087821429 | HH48: =IFERROR(RANK(HI48,HI$4:HI$1100),"") -> 44 | HI48: =IFERROR(((J48*G$1)+(N48*K$1)+(R48*O$1)+(V48*S$1)+(Z48*W$1)+(AD48*AA$1)+(AH48*AE$1)+(AL48*AI$1)+(AP48*AM$1)+(AT48*AQ$1)+(AX48*AU$1)+(BB48*AY$1)+(BF48*BC$1)+(BJ48*BG$1)+(BN48*BK$1)+(BR48*BO$1)+(BV48*BS$1)+(BZ48*BW$1)+(CD48*CA$1)+(CH48*CE$1)+(CL48*CI$1)+(CP48*CM$1)+(CT48*CQ$1)+(CX48*CU$1)+(DB48*CY$1)+(DF48*DC$1)+(DJ48*DG$1)+(DN48*DK$1)+(DQ48*DO$1)+(DT48*DR$1)+(DW48*DU$1)+(EU48*EU$1)+(EY48*EV$1)+(FC48*EZ$1)+(FS48*FP$1)+(GB48*FZ$1)+(FY48*FW$1)+(FV48*FT$1)+(GG48*GE$1)+(GM48*GK$1)+(GS48*GQ$1)+(GU48*GU$1))*(1+HG48),"") -> 59.532585 | HJ48: 7500 | HK48: 0.098 | HL48: =IFERROR(GV48-HH48,"") -> -12 | HM48: =IFERROR(HI48/(HJ48/1000),0) -> 7.937678 | HN48: 9200 | HO48: 0.0818 | HP48: =GW48-HH48 -> -11 | HQ48: =HI48/(HN48/1000) -> 6.4709332
A49: Eric Cole | B49: 35 | C49: 375 | D49: 172 | E49: 117 | F49: 91.40625 | G49: -0.25 | H49: 85 | I49: -0.54097019 | J49: 29.426406 | K49: -0.35 | L49: 94 | M49: -0.71246446 | N49: 23.808861 | O49: -0.49 | P49: 110 | Q49: -1.1497242 | R49: 12.512875 | S49: 76 | T49: 115 | U49: -1.8214328 | V49: 3.4270548 | W49: 76.8 | X49: 111 | Y49: -1.1182969 | Z49: 13.172011 | AA49: 76.2 | AB49: 115 | AC49: -1.4953701 | AD49: 6.7408944 | AE49: -0.41 | AF49: 94 | AG49: -0.68888478 | AH49: 24.544789 | AI49: 0.02 | AJ49: 53 | AK49: 0.22033321 | AL49: 58.719417 | AM49: 0.12 | AN49: 45 | AO49: 0.42967954 | AP49: 66.628562 | AT49: 58.719417 | AX49: 58.719417 | BB49: 58.719417 | BC49: 0.14 | BD49: 30 | BE49: 0.51450434 | BF49: 69.655029 | BG49: 0.38 | BH49: 5 | BI49: 1.3811258 | BJ49: 91.637986 | BK49: 0.33 | BL49: 7 | BM49: 1.2917238 | BN49: 90.177359 | BO49: 0.3 | BP49: 35 | BQ49: 0.67109837 | BR49: 74.892107 | BS49: 0.55 | BT49: 8 | BU49: 1.5407024 | BV49: 93.830538 | BW49: 0.56 | BX49: 5 | BY49: 1.6334507 | BZ49: 94.881288 | CA49: 0.75 | CB49: 11 | CC49: 1.3454214 | CD49: 91.075541 | CE49: 0.55 | CF49: 24 | CG49: 0.76903361 | CH49: 77.906332 | CI49: 1.06 | CJ49: 8 | CK49: 1.6280948 | CL49: 94.824761 | CM49: 1.13 | CN49: 8 | CO49: 1.5324582 | CP49: 93.72953 | CQ49: 21.2 | CR49: 70 | CS49: -0.27642995 | CT49: 39.110893 | CU49: 23.4 | CV49: 11 | CW49: 1.1740337 | CX49: 87.980924 | CY49: 24.3 | CZ49: 4 | DA49: 1.3956956 | DB49: 91.859691 | DC49: 84 | DD49: 79 | DE49: -0.30968823 | DF49: 37.839903 | DG49: 84.8 | DH49: 52 | DI49: 0.26103019 | DJ49: 60.296539 | DK49: 85.7 | DL49: 39 | DM49: 0.49320119 | DN49: 68.906478 | DQ49: 0 | DT49: 0 | DW49: 0 | DX49: #N/A | DY49: #N/A | DZ49: #N/A | EA49: #N/A | EB49: #N/A | EH49: -0.5 | EI49: #DIV/0! | EJ49: 0 | EK49: 0 | EL49: #DIV/0! | EM49: 0 | EN49: 0 | EO49: #DIV/0! | EP49: 0 | EQ49: 10 | ER49: 2.5 | ES49: #DIV/0! | ET49: 0 | EU49: 0 | EV49: 1.06 | EW49: 1.1036218 | EX49: 1.1036218 | EY49: 86.512139 | EZ49: 0 | FA49: #DIV/0! | FB49: #DIV/0! | FC49: 30 | FD49: 40/56 | FH49: 28 | FI49: 58 | FJ49: 29 | FK49: MC | FM49: 53 | FN49: 70 | FO49: 56 | FP49: 0.71428571 | FQ49: 40 | FR49: 0.83556274 | FS49: 79.829953 | FT49: 0.33928571 | FU49: 0.49161695 | FV49: 68.850492 | FW49: 0.16071429 | FX49: 0.61847883 | FY49: 73.187013 | FZ49: 0.089285714 | GA49: 0.56727848 | GB49: 71.47375 | GC49: 0.42772289 | GD49: 0.15 | GE49: 0.28886144 | GF49: 0.56151475 | GG49: 71.277666 | GH49: 44 | GI49: 0.53754824 | GJ49: 0.87 | GK49: 0.70377412 | GL49: 1.3984899 | GM49: 91.901699 | GN49: 84 | GO49: 0.28146074 | GP49: 0.66 | GQ49: 0.47073037 | GR49: 1.0096133 | GS49: 84.36597 | GT49: 192 | GU49: 87.096774 | GV49: 10 | GW49: 14 | GX49: 0.0299 | GY49: 0.1182 | GZ49: 0.2052 | HA49: 35 | HB49: 375 | HC49: 172 | HD49: 0.0021222222 | HE49: -0.026378947 | HF49: -0.073744118 | HH49: =IFERROR(RANK(HI49,HI$4:HI$1100),"") -> 21 | HI49: =IFERROR(((J49*G$1)+(N49*K$1)+(R49*O$1)+(V49*S$1)+(Z49*W$1)+(AD49*AA$1)+(AH49*AE$1)+(AL49*AI$1)+(AP49*AM$1)+(AT49*AQ$1)+(AX49*AU$1)+(BB49*AY$1)+(BF49*BC$1)+(BJ49*BG$1)+(BN49*BK$1)+(BR49*BO$1)+(BV49*BS$1)+(BZ49*BW$1)+(CD49*CA$1)+(CH49*CE$1)+(CL49*CI$1)+(CP49*CM$1)+(CT49*CQ$1)+(CX49*CU$1)+(DB49*CY$1)+(DF49*DC$1)+(DJ49*DG$1)+(DN49*DK$1)+(DQ49*DO$1)+(DT49*DR$1)+(DW49*DU$1)+(EU49*EU$1)+(EY49*EV$1)+(FC49*EZ$1)+(FS49*FP$1)+(GB49*FZ$1)+(FY49*FW$1)+(FV49*FT$1)+(GG49*GE$1)+(GM49*GK$1)+(GS49*GQ$1)+(GU49*GU$1))*(1+HG49),"") -> 67.10493 | HJ49: 9100 | HK49: 0.2181 | HL49: =IFERROR(GV49-HH49,"") -> -11 | HM49: =IFERROR(HI49/(HJ49/1000),0) -> 7.3741681 | HN49: 10400 | HO49: 0.2339 | HP49: =GW49-HH49 -> -7 | HQ49: =HI49/(HN49/1000) -> 6.4523971
A50: Billy Horschel | B50: 60 | C50: 580 | D50: 255 | E50: 101 | F50: 78.90625 | G50: 0.2 | H50: 42 | I50: 0.51801181 | J50: 69.777499 | K50: -0.04 | L50: 64 | M50: 0.050973395 | N50: 52.032664 | O50: -0.17 | P50: 78 | Q50: -0.28629917 | R50: 38.73245 | S50: 86.8 | T50: 20 | U50: 0.98605867 | V50: 83.794784 | W50: 79.6 | X50: 81 | Y50: -0.3762413 | Z50: 35.336876 | AA50: 79.4 | AB50: 91 | AC50: -0.53848756 | AD50: 29.512025 | AE50: 1 | AF50: 2 | AG50: 1.8213339 | AH50: 96.572194 | AI50: 0.51 | AJ50: 10 | AK50: 1.2224885 | AL50: 88.923853 | AM50: 0.3 | AN50: 21 | AO50: 0.80654351 | AP50: 79.003523 | AT50: 88.923853 | AX50: 88.923853 | BB50: 88.923853 | BC50: -0.14 | BD50: 89 | BE50: -0.48895098 | BF50: 31.24382 | BG50: -0.37 | BH50: 112 | BI50: -1.3261432 | BJ50: 9.2396134 | BK50: -0.19 | BL50: 97 | BM50: -0.57949001 | BN50: 28.112929 | BO50: 0.05 | BP50: 52 | BQ50: 0.15743501 | BR50: 56.254899 | BS50: -0.04 | BT50: 59 | BU50: 0.014037983 | BV50: 50.560016 | BW50: 0.07 | BX50: 51 | BY50: 0.32529358 | BZ50: 62.752056 | CA50: 0.3 | CB50: 35 | CC50: 0.61058096 | CD50: 72.926149 | CE50: -0.38 | CF50: 74 | CG50: -0.21941507 | CH50: 41.316337 | CI50: -0.16 | CJ50: 85 | CK50: -0.60949345 | CL50: 27.109871 | CM50: -0.1 | CN50: 61 | CO50: 0.10262124 | CP50: 54.086821 | CQ50: 24.7 | CR50: 15 | CS50: 1.1668769 | CT50: 87.836995 | CU50: 22.3 | CV50: 30 | CW50: 0.66562672 | CX50: 74.717514 | CY50: 22.9 | CZ50: 27 | DA50: 0.66200161 | DB50: 74.601491 | DC50: 84.2 | DD50: 75 | DE50: -0.2360124 | DF50: 40.671152 | DG50: 81.4 | DH50: 107 | DI50: -1.0958034 | DJ50: 13.65824 | DK50: 82.4 | DL50: 113 | DM50: -1.0729689 | DN50: 14.164254 | DQ50: 0 | DT50: 0 | DW50: 0 | DX50: #N/A | DY50: #N/A | DZ50: #N/A | EA50: #N/A | EB50: #N/A | EH50: -0.5 | EI50: #DIV/0! | EJ50: 0 | EK50: 0 | EL50: #DIV/0! | EM50: 0 | EN50: 0 | EO50: #DIV/0! | EP50: 0 | EQ50: 10 | ER50: 2.5 | ES50: #DIV/0! | ET50: 0 | EU50: 0 | EV50: 0.272 | EW50: 0.02093161 | EX50: 0.02093161 | EY50: 50.834989 | EZ50: 0 | FA50: #DIV/0! | FB50: #DIV/0! | FC50: 30 | FD50: 24/40 | FJ50: 12 | FK50: MC | FL50: 13 | FM50: MC | FN50: MC | FO50: 40 | FP50: 0.6 | FQ50: 24 | FR50: 0.17387741 | FS50: 56.90191 | FT50: 0.275 | FU50: -0.0091316391 | FV50: 49.635705 | FW50: 0.125 | FX50: 0.11359172 | FY50: 54.521928 | FZ50: 0.05 | GA50: -0.22936142 | GB50: 40.929401 | GC50: 0.39573581 | GD50: 1.01 | GE50: 0.7028679 | GF50: 1.049082 | GG50: 85.292982 | GH50: 30 | GI50: -0.075619198 | GJ50: 0.22 | GK50: 0.072190401 | GL50: 0.46777792 | GM50: 68.002829 | GN50: 76 | GO50: 0.0011002329 | GP50: 0.02 | GQ50: 0.010550116 | GR50: 0.25796635 | GS50: 60.178356 | GT50: 128 | GU50: 83.064516 | GV50: 29 | GW50: 25 | GX50: 0.00945 | GY50: 0.05605 | GZ50: 0.1181 | HA50: 60 | HB50: 580 | HC50: 255 | HD50: -0.0069434426 | HE50: -0.043664706 | HF50: -0.078243662 | HH50: =IFERROR(RANK(HI50,HI$4:HI$1100),"") -> 37 | HI50: =IFERROR(((J50*G$1)+(N50*K$1)+(R50*O$1)+(V50*S$1)+(Z50*W$1)+(AD50*AA$1)+(AH50*AE$1)+(AL50*AI$1)+(AP50*AM$1)+(AT50*AQ$1)+(AX50*AU$1)+(BB50*AY$1)+(BF50*BC$1)+(BJ50*BG$1)+(BN50*BK$1)+(BR50*BO$1)+(BV50*BS$1)+(BZ50*BW$1)+(CD50*CA$1)+(CH50*CE$1)+(CL50*CI$1)+(CP50*CM$1)+(CT50*CQ$1)+(CX50*CU$1)+(DB50*CY$1)+(DF50*DC$1)+(DJ50*DG$1)+(DN50*DK$1)+(DQ50*DO$1)+(DT50*DR$1)+(DW50*DU$1)+(EU50*EU$1)+(EY50*EV$1)+(FC50*EZ$1)+(FS50*FP$1)+(GB50*FZ$1)+(FY50*FW$1)+(FV50*FT$1)+(GG50*GE$1)+(GM50*GK$1)+(GS50*GQ$1)+(GU50*GU$1))*(1+HG50),"") -> 61.661521 | HJ50: 7600 | HK50: 0.0571 | HL50: =IFERROR(GV50-HH50,"") -> -8 | HM50: =IFERROR(HI50/(HJ50/1000),0) -> 8.1133581 | HN50: 9600 | HO50: 0.0533 | HP50: =GW50-HH50 -> -12 | HQ50: =HI50/(HN50/1000) -> 6.4230752
A51: Nick Taylor | B51: 60 | C51: 550 | D51: 240 | E51: 101 | F51: 78.90625 | G51: -0.29 | H51: 90 | I51: -0.63510192 | J51: 26.268097 | K51: -0.2 | L51: 79 | M51: -0.34305904 | N51: 36.577702 | O51: -0.21 | P51: 83 | Q51: -0.3942273 | R51: 34.670662 | S51: 80.3 | T51: 88 | U51: -0.70363525 | V51: 24.082998 | W51: 80.2 | X51: 72 | Y51: -0.21722939 | Z51: 41.401479 | AA51: 80.2 | AB51: 81 | AC51: -0.29926693 | AD51: 38.236819 | AE51: -0.38 | AF51: 92 | AG51: -0.63547587 | AH51: 26.255905 | AI51: -0.05 | AJ51: 60 | AK51: 0.077168165 | AL51: 53.075512 | AM51: 0.04 | AN51: 54 | AO51: 0.26218444 | AP51: 60.341038 | AT51: 53.075512 | AX51: 53.075512 | BB51: 53.075512 | BC51: 0.06 | BD51: 51 | BE51: 0.22780282 | BF51: 59.010023 | BG51: 0.17 | BH51: 26 | BI51: 0.62309049 | BJ51: 73.338747 | BK51: 0.23 | BL51: 16 | BM51: 0.93187495 | BN51: 82.429942 | BO51: 0.64 | BP51: 6 | BQ51: 1.3696805 | BR51: 91.460668 | BS51: 0.28 | BT51: 26 | BU51: 0.84205935 | BV51: 80.012263 | BW51: 0.25 | BX51: 29 | BY51: 0.8058411 | BZ51: 78.983276 | CA51: 0.17 | CB51: 41 | CC51: 0.39829372 | CD51: 65.479316 | CE51: -0.19 | CF51: 65 | CG51: -0.017473942 | CH51: 49.302926 | CI51: 0.29 | CJ51: 45 | CK51: 0.21584647 | CL51: 58.544629 | CM51: 0.13 | CN51: 46 | CO51: 0.36998913 | CP51: 64.43047 | CQ51: 20.2 | CR51: 87 | CS51: -0.68880333 | CT51: 24.547352 | CU51: 20.2 | CV51: 81 | CW51: -0.30496842 | CX51: 38.01951 | CY51: 20.9 | CZ51: 89 | DA51: -0.38613267 | DB51: 34.969921 | DC51: 83.7 | DD51: 85 | DE51: -0.42020197 | DF51: 33.716896 | DG51: 83.5 | DH51: 78 | DI51: -0.25775914 | DJ51: 39.82964 | DK51: 85.4 | DL51: 46 | DM51: 0.3508221 | DN51: 63.713909 | DQ51: 0 | DT51: 0 | DW51: 0 | DX51: #N/A | DY51: #N/A | DZ51: #N/A | EA51: #N/A | EB51: #N/A | EH51: -0.5 | EI51: #DIV/0! | EJ51: 0 | EK51: 0 | EL51: #DIV/0! | EM51: 0 | EN51: 0 | EO51: #DIV/0! | EP51: 0 | EQ51: 10 | ER51: 2.5 | ES51: #DIV/0! | ET51: 0 | EU51: 0 | EV51: -0.112 | EW51: -0.50667377 | EX51: -0.50667377 | EY51: 30.619187 | EZ51: 0 | FA51: #DIV/0! | FB51: #DIV/0! | FC51: 30 | FD51: 41/48 | FI51: 39 | FJ51: 72 | FK51: 61 | FM51: 59 | FN51: 26 | FO51: 48 | FP51: 0.85416667 | FQ51: 41 | FR51: 1.645438 | FS51: 95.006024 | FT51: 0.39583333 | FU51: 0.93209024 | FV51: 82.435506 | FW51: 0.10416667 | FX51: -0.18092575 | FY51: 42.821293 | FZ51: 0.020833333 | GA51: -0.82080619 | GB51: 20.587833 | GC51: 0.10506773 | GD51: 0.32 | GE51: 0.21253387 | GF51: 0.47162526 | GG51: 68.140285 | GH51: 38 | GI51: 0.3874685 | GJ51: 0.6 | GK51: 0.49373425 | GL51: 1.0889717 | GM51: 86.191682 | GN51: 88 | GO51: 0.48270452 | GP51: 0.71 | GQ51: 0.59635226 | GR51: 1.2148009 | GS51: 88.777899 | GT51: 178 | GU51: 98.387097 | GV51: 23 | GW51: 29 | GX51: 0.0063 | GY51: 0.0437 | GZ51: 0.0959 | HA51: 60 | HB51: 550 | HC51: 240 | HD51: -0.010093443 | HE51: -0.073330769 | HF51: -0.12243529 | HH51: =IFERROR(RANK(HI51,HI$4:HI$1100),"") -> 40 | HI51: =IFERROR(((J51*G$1)+(N51*K$1)+(R51*O$1)+(V51*S$1)+(Z51*W$1)+(AD51*AA$1)+(AH51*AE$1)+(AL51*AI$1)+(AP51*AM$1)+(AT51*AQ$1)+(AX51*AU$1)+(BB51*AY$1)+(BF51*BC$1)+(BJ51*BG$1)+(BN51*BK$1)+(BR51*BO$1)+(BV51*BS$1)+(BZ51*BW$1)+(CD51*CA$1)+(CH51*CE$1)+(CL51*CI$1)+(CP51*CM$1)+(CT51*CQ$1)+(CX51*CU$1)+(DB51*CY$1)+(DF51*DC$1)+(DJ51*DG$1)+(DN51*DK$1)+(DQ51*DO$1)+(DT51*DR$1)+(DW51*DU$1)+(EU51*EU$1)+(EY51*EV$1)+(FC51*EZ$1)+(FS51*FP$1)+(GB51*FZ$1)+(FY51*FW$1)+(FV51*FT$1)+(GG51*GE$1)+(GM51*GK$1)+(GS51*GQ$1)+(GU51*GU$1))*(1+HG51),"") -> 60.352583 | HJ51: 7900 | HK51: 0.0484 | HL51: =IFERROR(GV51-HH51,"") -> -17 | HM51: =IFERROR(HI51/(HJ51/1000),0) -> 7.6395674 | HN51: 9400 | HO51: 0.0469 | HP51: =GW51-HH51 -> -11 | HQ51: =HI51/(HN51/1000) -> 6.4204875
A52: Hayden Springer | B52: 135 | C52: 1100 | D52: 465 | E52: 69 | F52: 53.90625 | G52: -0.42 | H52: 95 | I52: -0.94103006 | J52: 17.334473 | K52: -0.13 | L52: 72 | M52: -0.17066985 | N52: 43.224168 | O52: -0.09 | P52: 70 | Q52: -0.070442926 | R52: 47.192056 | S52: 80.7 | T52: 80 | U52: -0.59965409 | V52: 27.43684 | W52: 80.9 | X52: 60 | Y52: -0.031715491 | Z52: 48.734947 | AA52: 80.2 | AB52: 81 | AC52: -0.29926693 | AD52: 38.236819 | AE52: -0.07 | AF52: 64 | AG52: -0.083583811 | AH52: 46.669367 | AI52: -0.21 | AJ52: 83 | AK52: -0.25006622 | AL52: 40.126807 | AM52: -0.28 | AN52: 93 | AO52: -0.40779594 | AP52: 34.171175 | AT52: 40.126807 | AX52: 40.126807 | BB52: 40.126807 | BC52: -0.22 | BD52: 99 | BE52: -0.7756525 | BF52: 21.89771 | BG52: -0.09 | BH52: 83 | BI52: -0.31542943 | BJ52: 37.621781 | BK52: -0.08 | BL52: 77 | BM52: -0.18365633 | BN52: 42.714154 | BO52: 0.6 | BP52: 11 | BQ52: 1.2874944 | BR52: 90.103899 | BS52: 0.35 | BT52: 22 | BU52: 1.023189 | BV52: 84.689076 | BW52: 0.44 | BX52: 11 | BY52: 1.3130857 | BZ52: 90.542296 | CA52: 0.09 | CB52: 47 | CC52: 0.26765542 | CD52: 60.551772 | CE52: -0.33 | CF52: 72 | CG52: -0.16627267 | CH52: 43.397119 | CI52: -0.17 | CJ52: 86 | CK52: -0.62783434 | CL52: 26.505623 | CM52: 0.09 | CN52: 51 | CO52: 0.32349036 | CP52: 62.683805 | CQ52: 25.8 | CR52: 4 | CS52: 1.6204876 | CT52: 94.743621 | CU52: 24.6 | CV52: 3 | CW52: 1.7286595 | CX52: 95.806497 | CY52: 24.8 | CZ52: 2 | DA52: 1.6577292 | DB52: 95.131393 | DC52: 83.1 | DD52: 89 | DE52: -0.64122946 | DF52: 26.068681 | DG52: 84.1 | DH52: 62 | DI52: -0.018317908 | DJ52: 49.269262 | DK52: 84.8 | DL52: 59 | DM52: 0.066063901 | DN52: 52.633652 | DQ52: 0 | DT52: 0 | DW52: 0 | DX52: #N/A | DY52: #N/A | DZ52: #N/A | EA52: #N/A | EB52: #N/A | EH52: -0.5 | EI52: #DIV/0! | EJ52: 0 | EK52: 0 | EL52: #DIV/0! | EM52: 0 | EN52: 0 | EO52: #DIV/0! | EP52: 0 | EQ52: 10 | ER52: 2.5 | ES52: #DIV/0! | ET52: 0 | EU52: 0 | EV52: 0.47 | EW52: 0.29297813 | EX52: 0.29297813 | EY52: 61.523057 | EZ52: 0 | FA52: #DIV/0! | FB52: #DIV/0! | FC52: 30 | FD52: 32/43 | FE52: 3 | FJ52: 29 | FK52: MC | FL52: MC | FM52: 24 | FN52: MC | FO52: 43 | FP52: 0.74418605 | FQ52: 32 | FR52: 1.0086781 | FS52: 84.343548 | FT52: 0.39534884 | FU52: 0.9283163 | FV52: 82.337824 | FW52: 0.13953488 | FX52: 0.31906903 | FY52: 62.516292 | FZ52: 0.093023256 | GA52: 0.64306875 | GB52: 73.991025 | GC52: 0.25172622 | GD52: -0.12 | GE52: 0.065863109 | GF52: 0.29889398 | GG52: 61.748953 | GH52: 28 | GI52: 0.51057474 | GJ52: -0.2 | GK52: 0.15528737 | GL52: 0.59023096 | GM52: 72.248209 | GN52: 70 | GO52: 0.51501711 | GP52: -0.43 | GQ52: 0.042508556 | GR52: 0.31016646 | GS52: 62.178281 | GT52: 146 | GU52: 24.193548 | GV52: 59 | GW52: 65 | GX52: 0.004 | GY52: 0.02635 | GZ52: 0.0611 | HA52: 135 | HB52: 1100 | HC52: 465 | HD52: -0.0033529412 | HE52: -0.030566667 | HF52: -0.054389823 | HH52: =IFERROR(RANK(HI52,HI$4:HI$1100),"") -> 58 | HI52: =IFERROR(((J52*G$1)+(N52*K$1)+(R52*O$1)+(V52*S$1)+(Z52*W$1)+(AD52*AA$1)+(AH52*AE$1)+(AL52*AI$1)+(AP52*AM$1)+(AT52*AQ$1)+(AX52*AU$1)+(BB52*AY$1)+(BF52*BC$1)+(BJ52*BG$1)+(BN52*BK$1)+(BR52*BO$1)+(BV52*BS$1)+(BZ52*BW$1)+(CD52*CA$1)+(CH52*CE$1)+(CL52*CI$1)+(CP52*CM$1)+(CT52*CQ$1)+(CX52*CU$1)+(DB52*CY$1)+(DF52*DC$1)+(DJ52*DG$1)+(DN52*DK$1)+(DQ52*DO$1)+(DT52*DR$1)+(DW52*DU$1)+(EU52*EU$1)+(EY52*EV$1)+(FC52*EZ$1)+(FS52*FP$1)+(GB52*FZ$1)+(FY52*FW$1)+(FV52*FT$1)+(GG52*GE$1)+(GM52*GK$1)+(GS52*GQ$1)+(GU52*GU$1))*(1+HG52),"") -> 52.603341 | HJ52: 6900 | HK52: 0.0229 | HL52: =IFERROR(GV52-HH52,"") -> 1 | HM52: =IFERROR(HI52/(HJ52/1000),0) -> 7.6236726 | HN52: 8200 | HO52: 0.0175 | HP52: =GW52-HH52 -> 7 | HQ52: =HI52/(HN52/1000) -> 6.4150416
A53: Mackenzie Hughes | B53: 66 | C53: 600 | D53: 250 | E53: 92 | F53: 71.875 | G53: 0.17 | H53: 45 | I53: 0.44741301 | J53: 67.271156 | K53: -0.22 | L53: 83 | M53: -0.3923131 | N53: 34.741344 | O53: -0.17 | P53: 78 | Q53: -0.28629917 | R53: 38.73245 | S53: 81 | T53: 75 | U53: -0.52166822 | V53: 30.095068 | W53: 77.1 | X53: 104 | Y53: -1.0387909 | Z53: 14.945099 | AA53: 77.8 | AB53: 102 | AC53: -1.0169288 | AD53: 15.459365 | AE53: -0.48 | AF53: 98 | AG53: -0.81350557 | AH53: 20.796413 | AI53: -0.45 | AJ53: 101 | AK53: -0.74091781 | AL53: 22.937164 | AM53: -0.26 | AN53: 91 | AO53: -0.36592217 | AP53: 35.721158 | AT53: 22.937164 | AX53: 22.937164 | BB53: 22.937164 | BC53: 0.37 | BD53: 10 | BE53: 1.3387712 | BF53: 90.967742 | BG53: 0.38 | BH53: 5 | BI53: 1.3811258 | BJ53: 91.637986 | BK53: 0.42 | BL53: 3 | BM53: 1.6155877 | BN53: 94.690825 | BO53: 0.63 | BP53: 9 | BQ53: 1.349134 | BR53: 91.135304 | BS53: 0.55 | BT53: 8 | BU53: 1.5407024 | BV53: 93.830538 | BW53: 0.42 | BX53: 13 | BY53: 1.2596915 | BZ53: 89.610967 | CA53: 0.36 | CB53: 30 | CC53: 0.70855969 | CD53: 76.070112 | CE53: 0.13 | CF53: 43 | CG53: 0.32263743 | CH53: 62.651508 | CI53: 0.04 | CJ53: 72 | CK53: -0.24267571 | CL53: 40.412831 | CM53: 0 | CN53: 54 | CO53: 0.21886815 | CP53: 58.662362 | CQ53: 25 | CR53: 9 | CS53: 1.2905889 | CT53: 90.157687 | CU53: 21.3 | CV53: 52 | CW53: 0.20343856 | CX53: 58.060387 | CY53: 21.9 | CZ53: 64 | DA53: 0.13793447 | DB53: 55.48539 | DC53: 87 | DD53: 23 | DE53: 0.79544921 | DF53: 78.682388 | DG53: 85.6 | DH53: 31 | DI53: 0.58028517 | DJ53: 71.913884 | DK53: 86.9 | DL53: 13 | DM53: 1.0627176 | DN53: 85.604498 | DQ53: 0 | DT53: 0 | DW53: 0 | DX53: #N/A | DY53: #N/A | DZ53: #N/A | EA53: #N/A | EB53: #N/A | EH53: -0.5 | EI53: #DIV/0! | EJ53: 0 | EK53: 0 | EL53: #DIV/0! | EM53: 0 | EN53: 0 | EO53: #DIV/0! | EP53: 0 | EQ53: 10 | ER53: 2.5 | ES53: #DIV/0! | ET53: 0 | EU53: 0 | EV53: 1.33 | EW53: 1.4745943 | EX53: 1.4745943 | EY53: 92.983918 | EZ53: 0 | FA53: #DIV/0! | FB53: #DIV/0! | FC53: 30 | FD53: 30/46 | FJ53: 29 | FK53: MC | FL53: 44 | FM53: 20 | FN53: 10 | FO53: 46 | FP53: 0.65217391 | FQ53: 30 | FR53: 0.47595115 | FS53: 68.294541 | FT53: 0.26086957 | FU53: -0.11919957 | FV53: 45.255863 | FW53: 0.13043478 | FX53: 0.19042237 | FY53: 57.551092 | FZ53: 0.065217391 | GA53: 0.079218462 | GB53: 53.157057 | GC53: 0.76014416 | GD53: 0.26 | GE53: 0.51007208 | GF53: 0.82203019 | GG53: 79.447014 | GH53: 32 | GI53: 0.25483046 | GJ53: 0.06 | GK53: 0.15741523 | GL53: 0.5933666 | GM53: 72.353208 | GN53: 67 | GO53: 0.050476142 | GP53: 0.18 | GQ53: 0.11523807 | GR53: 0.42896104 | GS53: 66.602421 | GT53: 151 | GU53: 88.709677 | GV53: 29 | GW53: 23 | GX53: 0.00865 | GY53: 0.0497 | GZ53: 0.11295 | HA53: 66 | HB53: 600 | HC53: 250 | HD53: -0.0062753731 | HE53: -0.044192857 | HF53: -0.088471429 | HH53: =IFERROR(RANK(HI53,HI$4:HI$1100),"") -> 36 | HI53: =IFERROR(((J53*G$1)+(N53*K$1)+(R53*O$1)+(V53*S$1)+(Z53*W$1)+(AD53*AA$1)+(AH53*AE$1)+(AL53*AI$1)+(AP53*AM$1)+(AT53*AQ$1)+(AX53*AU$1)+(BB53*AY$1)+(BF53*BC$1)+(BJ53*BG$1)+(BN53*BK$1)+(BR53*BO$1)+(BV53*BS$1)+(BZ53*BW$1)+(CD53*CA$1)+(CH53*CE$1)+(CL53*CI$1)+(CP53*CM$1)+(CT53*CQ$1)+(CX53*CU$1)+(DB53*CY$1)+(DF53*DC$1)+(DJ53*DG$1)+(DN53*DK$1)+(DQ53*DO$1)+(DT53*DR$1)+(DW53*DU$1)+(EU53*EU$1)+(EY53*EV$1)+(FC53*EZ$1)+(FS53*FP$1)+(GB53*FZ$1)+(FY53*FW$1)+(FV53*FT$1)+(GG53*GE$1)+(GM53*GK$1)+(GS53*GQ$1)+(GU53*GU$1))*(1+HG53),"") -> 61.953822 | HJ53: 7600 | HK53: 0.046 | HL53: =IFERROR(GV53-HH53,"") -> -7 | HM53: =IFERROR(HI53/(HJ53/1000),0) -> 8.1518187 | HN53: 9700 | HO53: 0.045 | HP53: =GW53-HH53 -> -13 | HQ53: =HI53/(HN53/1000) -> 6.386992
A54: Jacob Bridgeman | B54: 20 | C54: 225 | D54: 105 | E54: 127 | F54: 99.21875 | G54: 0.05 | H54: 57 | I54: 0.16501781 | J54: 56.553502 | K54: 0.06 | L54: 53 | M54: 0.29724367 | N54: 61.685976 | O54: 0.04 | P54: 51 | Q54: 0.28032348 | R54: 61.038533 | S54: 80.1 | T54: 93 | U54: -0.75562584 | V54: 22.493678 | W54: 79.6 | X54: 81 | Y54: -0.3762413 | Z54: 35.336876 | AA54: 80.6 | AB54: 75 | AC54: -0.17965662 | AD54: 42.871108 | AE54: 0.26 | AF54: 36 | AG54: 0.50391419 | AH54: 69.283916 | AI54: 0.11 | AJ54: 46 | AK54: 0.40440255 | AL54: 65.704164 | AM54: 0.23 | AN54: 29 | AO54: 0.6599853 | AP54: 74.536837 | AT54: 65.704164 | AX54: 65.704164 | BB54: 65.704164 | BC54: 0 | BD54: 64 | BE54: 0.012776681 | BF54: 50.509702 | BG54: -0.02 | BH54: 66 | BI54: -0.062750992 | BJ54: 47.49824 | BK54: -0.03 | BL54: 69 | BM54: -0.0037319266 | BN54: 49.851118 | BO54: 0.64 | BP54: 6 | BQ54: 1.3696805 | BR54: 91.460668 | BS54: 0.43 | BT54: 14 | BU54: 1.2301944 | BV54: 89.068784 | BW54: 0.59 | BX54: 4 | BY54: 1.713542 | BZ54: 95.669356 | CA54: 0.78 | CB54: 10 | CC54: 1.3944108 | CD54: 91.84032 | CE54: 0.83 | CF54: 14 | CG54: 1.0666311 | CH54: 85.693077 | CI54: 0.31 | CJ54: 40 | CK54: 0.25252825 | CL54: 59.968361 | CM54: 0.3 | CN54: 31 | CO54: 0.56760887 | CP54: 71.484971 | CQ54: 22.7 | CR54: 45 | CS54: 0.34213012 | CT54: 63.387351 | CU54: 22.1 | CV54: 33 | CW54: 0.57318909 | CX54: 71.674166 | CY54: 23.9 | CZ54: 8 | DA54: 1.1860688 | DB54: 88.220243 | DC54: 86.4 | DD54: 39 | DE54: 0.57442172 | DF54: 71.715877 | DG54: 84.9 | DH54: 51 | DI54: 0.30093707 | DJ54: 61.826876 | DK54: 86.5 | DL54: 20 | DM54: 0.87287878 | DN54: 80.863542 | DQ54: 0 | DT54: 0 | DW54: 0 | DX54: #N/A | DY54: #N/A | DZ54: #N/A | EA54: #N/A | EB54: #N/A | EH54: -0.5 | EI54: #DIV/0! | EJ54: 0 | EK54: 0 | EL54: #DIV/0! | EM54: 0 | EN54: 0 | EO54: #DIV/0! | EP54: 0 | EQ54: 10 | ER54: 2.5 | ES54: #DIV/0! | ET54: 0 | EU54: 0 | EV54: 0.62 | EW54: 0.49907398 | EX54: 0.49907398 | EY54: 69.113637 | EZ54: 0 | FA54: #DIV/0! | FB54: #DIV/0! | FC54: 30 | FD54: 41/53 | FG54: 4 | FH54: 9 | FI54: 30 | FK54: 26 | FM54: 28 | FO54: 53 | FP54: 0.77358491 | FQ54: 41 | FR54: 1.17889 | FS54: 88.077902 | FT54: 0.45283019 | FU54: 1.3760628 | FV54: 91.559891 | FW54: 0.20754717 | FX54: 1.2805478 | FY54: 89.982372 | FZ54: 0.11320755 | GA54: 1.052368 | GB54: 85.368462 | GC54: 0.71520403 | GD54: 1.45 | GE54: 1.082602 | GF54: 1.4962875 | GG54: 93.271062 | GH54: 42 | GI54: 0.95231537 | GJ54: 1.11 | GK54: 1.0311577 | GL54: 1.8809276 | GM54: 97.000911 | GN54: 90 | GO54: 0.58258912 | GP54: 1.21 | GQ54: 0.89629456 | GR54: 1.7047192 | GS54: 95.58766 | GT54: 188 | GU54: 94.354839 | GV54: 2 | GW54: 2 | GX54: 0.0332 | GY54: 0.14715 | GZ54: 0.2709 | HA54: 20 | HB54: 225 | HC54: 105 | HD54: -0.014419048 | HE54: -0.067561538 | HF54: -0.09607561 | HH54: =IFERROR(RANK(HI54,HI$4:HI$1100),"") -> 10 | HI54: =IFERROR(((J54*G$1)+(N54*K$1)+(R54*O$1)+(V54*S$1)+(Z54*W$1)+(AD54*AA$1)+(AH54*AE$1)+(AL54*AI$1)+(AP54*AM$1)+(AT54*AQ$1)+(AX54*AU$1)+(BB54*AY$1)+(BF54*BC$1)+(BJ54*BG$1)+(BN54*BK$1)+(BR54*BO$1)+(BV54*BS$1)+(BZ54*BW$1)+(CD54*CA$1)+(CH54*CE$1)+(CL54*CI$1)+(CP54*CM$1)+(CT54*CQ$1)+(CX54*CU$1)+(DB54*CY$1)+(DF54*DC$1)+(DJ54*DG$1)+(DN54*DK$1)+(DQ54*DO$1)+(DT54*DR$1)+(DW54*DU$1)+(EU54*EU$1)+(EY54*EV$1)+(FC54*EZ$1)+(FS54*FP$1)+(GB54*FZ$1)+(FY54*FW$1)+(FV54*FT$1)+(GG54*GE$1)+(GM54*GK$1)+(GS54*GQ$1)+(GU54*GU$1))*(1+HG54),"") -> 75.913189 | HJ54: 10300 | HK54: 0.2518 | HL54: =IFERROR(GV54-HH54,"") -> -8 | HM54: =IFERROR(HI54/(HJ54/1000),0) -> 7.3702125 | HN54: 11900 | HO54: 0.2768 | HP54: =GW54-HH54 -> -8 | HQ54: =HI54/(HN54/1000) -> 6.3792596
A55: Corey Conners | B55: 30 | C55: 375 | D55: 162 | E55: 122 | F55: 95.3125 | G55: 0.28 | H55: 37 | I55: 0.70627528 | J55: 75.999152 | K55: 0 | L55: 57 | M55: 0.14948151 | N55: 55.941315 | O55: 0.04 | P55: 51 | Q55: 0.28032348 | R55: 61.038533 | S55: 86.7 | T55: 22 | U55: 0.96006338 | V55: 83.148834 | W55: 81.4 | X55: 57 | Y55: 0.10079444 | Z55: 54.014318 | AA55: 82.5 | AB55: 49 | AC55: 0.38849237 | AD55: 65.117415 | AE55: 0.54 | AF55: 18 | AG55: 1.0023973 | AH55: 84.192414 | AI55: 0.43 | AJ55: 16 | AK55: 1.0588713 | AL55: 85.517081 | AM55: 0.4 | AN55: 13 | AO55: 1.0159124 | AP55: 84.516444 | AT55: 85.517081 | AX55: 85.517081 | BB55: 85.517081 | BC55: 0.05 | BD55: 55 | BE55: 0.19196513 | BF55: 57.611524 | BG55: -0.04 | BH55: 70 | BI55: -0.13494483 | BJ55: 44.632775 | BK55: -0.08 | BL55: 77 | BM55: -0.18365633 | BN55: 42.714154 | BO55: -0.07 | BP55: 67 | BQ55: -0.089123405 | BR55: 46.449192 | BS55: -0.07 | BT55: 64 | BU55: -0.063589021 | BV55: 47.464874 | BW55: -0.23 | BX55: 82 | BY55: -0.47561894 | BZ55: 31.717294 | CA55: -0.36 | CB55: 91 | CC55: -0.46718502 | CD55: 32.018376 | CE55: -0.1 | CF55: 61 | CG55: 0.078182382 | CH55: 53.115851 | CI55: -0.08 | CJ55: 81 | CK55: -0.46276635 | CL55: 32.176593 | CM55: -0.28 | CN55: 69 | CO55: -0.10662319 | CP55: 45.754396 | CQ55: 20.9 | CR55: 76 | CS55: -0.40014197 | CT55: 34.452598 | CU55: 21.1 | CV55: 54 | CW55: 0.11100093 | CX55: 54.419219 | CY55: 20.8 | CZ55: 94 | DA55: -0.43853938 | DB55: 33.049766 | DC55: 85.7 | DD55: 48 | DE55: 0.31655632 | DF55: 62.420986 | DG55: 82.8 | DH55: 89 | DI55: -0.53710724 | DJ55: 29.559677 | DK55: 83.3 | DL55: 92 | DM55: -0.64583158 | DN55: 25.919422 | DQ55: 0 | DT55: 0 | DW55: 0 | DX55: #N/A | DY55: #N/A | DZ55: #N/A | EA55: #N/A | EB55: #N/A | EH55: -0.5 | EI55: #DIV/0! | EJ55: 0 | EK55: 0 | EL55: #DIV/0! | EM55: 0 | EN55: 0 | EO55: #DIV/0! | EP55: 0 | EQ55: 10 | ER55: 2.5 | ES55: #DIV/0! | ET55: 0 | EU55: 0 | EV55: 1.8 | EW55: 2.1203613 | EX55: 2.1203613 | EY55: 98.301221 | EZ55: 0 | FA55: #DIV/0! | FB55: #DIV/0! | FC55: 30 | FD55: 40/45 | FI55: 47 | FK55: 20 | FL55: 39 | FM55: 14 | FN55: 52 | FO55: 45 | FP55: 0.88888889 | FQ55: 40 | FR55: 1.8464709 | FS55: 96.758807 | FT55: 0.4 | FU55: 0.96454617 | FV55: 83.261391 | FW55: 0.17777778 | FX55: 0.85970267 | FY55: 80.502352 | FZ55: 0.044444444 | GA55: -0.34201757 | GB55: 36.616884 | GC55: 0.38355704 | GD55: 1.09 | GE55: 0.73677852 | GF55: 1.0890179 | GG55: 86.192701 | GH55: 38 | GI55: 0.21572242 | GJ55: 0.75 | GK55: 0.48286121 | GL55: 1.072949 | GM55: 85.835301 | GN55: 80 | GO55: 0.49419199 | GP55: 0.54 | GQ55: 0.517096 | GR55: 1.0853457 | GS55: 86.111572 | GT55: 171 | GU55: 95.16129 | GV55: 7 | GW55: 9 | GX55: 0.0173 | GY55: 0.0933 | GZ55: 0.18855 | HA55: 30 | HB55: 375 | HC55: 162 | HD55: -0.014958065 | HE55: -0.043028947 | HF55: -0.082281298 | HH55: =IFERROR(RANK(HI55,HI$4:HI$1100),"") -> 19 | HI55: =IFERROR(((J55*G$1)+(N55*K$1)+(R55*O$1)+(V55*S$1)+(Z55*W$1)+(AD55*AA$1)+(AH55*AE$1)+(AL55*AI$1)+(AP55*AM$1)+(AT55*AQ$1)+(AX55*AU$1)+(BB55*AY$1)+(BF55*BC$1)+(BJ55*BG$1)+(BN55*BK$1)+(BR55*BO$1)+(BV55*BS$1)+(BZ55*BW$1)+(CD55*CA$1)+(CH55*CE$1)+(CL55*CI$1)+(CP55*CM$1)+(CT55*CQ$1)+(CX55*CU$1)+(DB55*CY$1)+(DF55*DC$1)+(DJ55*DG$1)+(DN55*DK$1)+(DQ55*DO$1)+(DT55*DR$1)+(DW55*DU$1)+(EU55*EU$1)+(EY55*EV$1)+(FC55*EZ$1)+(FS55*FP$1)+(GB55*FZ$1)+(FY55*FW$1)+(FV55*FT$1)+(GG55*GE$1)+(GM55*GK$1)+(GS55*GQ$1)+(GU55*GU$1))*(1+HG55),"") -> 69.299121 | HJ55: 9400 | HK55: 0.1494 | HL55: =IFERROR(GV55-HH55,"") -> -12 | HM55: =IFERROR(HI55/(HJ55/1000),0) -> 7.372247 | HN55: 10900 | HO55: 0.1521 | HP55: =GW55-HH55 -> -10 | HQ55: =HI55/(HN55/1000) -> 6.3577176
A56: J.T. Poston | B56: 33 | C56: 355 | D56: 160 | E56: 121 | F56: 94.53125 | G56: 0.17 | H56: 45 | I56: 0.44741301 | J56: 67.271156 | K56: 0.11 | L56: 48 | M56: 0.42037881 | N56: 66.289563 | O56: 0.17 | P56: 37 | Q56: 0.63108988 | R56: 73.600912 | S56: 83.4 | T56: 57 | U56: 0.10221877 | V56: 54.070849 | W56: 81.8 | X56: 52 | Y56: 0.20680238 | Z56: 58.19179 | AA56: 82.9 | AB56: 40 | AC56: 0.50810268 | AD56: 69.430933 | AE56: -0.32 | AF56: 90 | AG56: -0.52865805 | AH56: 29.852134 | AI56: 0.14 | AJ56: 42 | AK56: 0.465759 | AL56: 67.930599 | AM56: 0.01 | AN56: 58 | AO56: 0.19937378 | AP56: 57.901482 | AT56: 67.930599 | AX56: 67.930599 | BB56: 67.930599 | BC56: -0.02 | BD56: 69 | BE56: -0.058898699 | BF56: 47.65164 | BG56: -0.03 | BH56: 67 | BI56: -0.098847913 | BJ56: 46.062951 | BK56: -0.11 | BL56: 82 | BM56: -0.29161097 | BN56: 38.529204 | BO56: 0.25 | BP56: 42 | BQ56: 0.5683657 | BR56: 71.510666 | BS56: 0.14 | BT56: 42 | BU56: 0.4798 | BV56: 68.431519 | BW56: 0.13 | BX56: 46 | BY56: 0.48547609 | BZ56: 68.633066 | CA56: 0.26 | CB56: 37 | CC56: 0.54526181 | CD56: 70.721327 | CE56: 0.97 | CF56: 12 | CG56: 1.2154298 | CH56: 88.789889 | CI56: 0.27 | CJ56: 48 | CK56: 0.1791647 | CL56: 57.109581 | CM56: -0.01 | CN56: 56 | CO56: 0.20724346 | CP56: 58.209014 | CQ56: 22 | CR56: 59 | CS56: 0.053468752 | CT56: 52.132079 | CU56: 21.6 | CV56: 46 | CW56: 0.34209501 | CX56: 63.38603 | CY56: 22.6 | CZ56: 35 | DA56: 0.50478147 | DB56: 69.314383 | DC56: 84.3 | DD56: 73 | DE56: -0.19917449 | DF56: 42.106313 | DG56: 84.6 | DH56: 55 | DI56: 0.18121645 | DJ56: 57.190116 | DK56: 85.4 | DL56: 46 | DM56: 0.3508221 | DN56: 63.713909 | DQ56: 0 | DT56: 0 | DW56: 0 | DX56: #N/A | DY56: #N/A | DZ56: #N/A | EA56: #N/A | EB56: #N/A | EH56: -0.5 | EI56: #DIV/0! | EJ56: 0 | EK56: 0 | EL56: #DIV/0! | EM56: 0 | EN56: 0 | EO56: #DIV/0! | EP56: 0 | EQ56: 10 | ER56: 2.5 | ES56: #DIV/0! | ET56: 0 | EU56: 0 | EV56: 1.464 | EW56: 1.6587066 | EX56: 1.6587066 | EY56: 95.141254 | EZ56: 0 | FA56: #DIV/0! | FB56: #DIV/0! | FC56: 30 | FD56: 37/47 | FH56: 22 | FI56: 24 | FJ56: MC | FM56: MC | FO56: 47 | FP56: 0.78723404 | FQ56: 37 | FR56: 1.2579151 | FS56: 89.578877 | FT56: 0.34042553 | FU56: 0.50049547 | FV56: 69.163688 | FW56: 0.12765957 | FX56: 0.1511897 | FY56: 56.008696 | FZ56: 0.085106383 | GA56: 0.48252955 | GB56: 68.52851 | GC56: 0.49000164 | GD56: 0.56 | GE56: 0.52500082 | GF56: 0.83961147 | GG56: 79.943687 | GH56: 34 | GI56: 0.13904305 | GJ56: 0.82 | GK56: 0.47952152 | GL56: 1.0680276 | GM56: 85.724597 | GN56: 72 | GO56: 0.3533572 | GP56: 0.66 | GQ56: 0.5066786 | GR56: 1.0683302 | GS56: 85.731421 | GT56: 168 | GU56: 95.967742 | GV56: 12 | GW56: 7 | GX56: 0.02165 | GY56: 0.1048 | GZ56: 0.1963 | HA56: 33 | HB56: 355 | HC56: 160 | HD56: -0.0077617647 | HE56: -0.045458242 | HF56: -0.079357692 | HH56: =IFERROR(RANK(HI56,HI$4:HI$1100),"") -> 18 | HI56: =IFERROR(((J56*G$1)+(N56*K$1)+(R56*O$1)+(V56*S$1)+(Z56*W$1)+(AD56*AA$1)+(AH56*AE$1)+(AL56*AI$1)+(AP56*AM$1)+(AT56*AQ$1)+(AX56*AU$1)+(BB56*AY$1)+(BF56*BC$1)+(BJ56*BG$1)+(BN56*BK$1)+(BR56*BO$1)+(BV56*BS$1)+(BZ56*BW$1)+(CD56*CA$1)+(CH56*CE$1)+(CL56*CI$1)+(CP56*CM$1)+(CT56*CQ$1)+(CX56*CU$1)+(DB56*CY$1)+(DF56*DC$1)+(DJ56*DG$1)+(DN56*DK$1)+(DQ56*DO$1)+(DT56*DR$1)+(DW56*DU$1)+(EU56*EU$1)+(EY56*EV$1)+(FC56*EZ$1)+(FS56*FP$1)+(GB56*FZ$1)+(FY56*FW$1)+(FV56*FT$1)+(GG56*GE$1)+(GM56*GK$1)+(GS56*GQ$1)+(GU56*GU$1))*(1+HG56),"") -> 69.726786 | HJ56: 8900 | HK56: 0.0582 | HL56: =IFERROR(GV56-HH56,"") -> -6 | HM56: =IFERROR(HI56/(HJ56/1000),0) -> 7.8344703 | HN56: 11100 | HO56: 0.0651 | HP56: =GW56-HH56 -> -11 | HQ56: =HI56/(HN56/1000) -> 6.2816924
A57: Adrien Dumont De Chassart | B57: 150 | C57: 1100 | D57: 400 | E57: 60 | F57: 46.875 | G57: -0.76 | H57: 113 | I57: -1.7411498 | J57: 4.0828663 | K57: -0.59 | L57: 109 | M57: -1.3035131 | N57: 9.6199821 | O57: -0.39 | P57: 102 | Q57: -0.87990385 | R57: 18.94557 | S57: 75 | T57: 116 | U57: -2.0813857 | V57: 1.8699309 | W57: 74.3 | X57: 118 | Y57: -1.7808465 | Z57: 3.7468764 | AA57: 74.7 | AB57: 121 | AC57: -1.9439087 | AD57: 2.5953229 | AE57: 0.2 | AF57: 43 | AG57: 0.39709637 | AH57: 65.43518 | AI57: 0.01 | AJ57: 55 | AK57: 0.19988106 | AL57: 57.92132 | AM57: 0.01 | AN57: 58 | AO57: 0.19937378 | AP57: 57.901482 | AT57: 57.92132 | AX57: 57.92132 | BB57: 57.92132 | BC57: 0.09 | BD57: 43 | BE57: 0.33531589 | BF57: 63.13066 | BG57: 0.47 | BH57: 3 | BI57: 1.7059981 | BJ57: 95.599578 | BK57: 0.37 | BL57: 5 | BM57: 1.4356633 | BN57: 92.445091 | BO57: 0.38 | BP57: 29 | BQ57: 0.83547064 | BR57: 79.827362 | BS57: 0.35 | BT57: 22 | BU57: 1.023189 | BV57: 84.689076 | BW57: 0.14 | BX57: 42 | BY57: 0.51217317 | BZ57: 69.573509 | CA57: 0.71 | CB57: 13 | CC57: 1.2801023 | CD57: 89.974541 | CE57: 0.71 | CF57: 20 | CG57: 0.9390893 | CH57: 82.615755 | CI57: 1.23 | CJ57: 5 | CK57: 1.9398899 | CL57: 97.380346 | CM57: 0.33 | CN57: 27 | CO57: 0.60248294 | CP57: 72.657364 | CQ57: 20.6 | CR57: 82 | CS57: -0.52385398 | CT57: 30.019005 | CU57: 20.8 | CV57: 66 | CW57: -0.027655521 | CX57: 48.896845 | CY57: 21.5 | CZ57: 73 | DA57: -0.071692385 | DB57: 47.142336 | DC57: 82.5 | DD57: 96 | DE57: -0.86225695 | DF57: 19.427307 | DG57: 85.4 | DH57: 36 | DI57: 0.50047142 | DJ57: 69.162841 | DK57: 85.8 | DL57: 36 | DM57: 0.54066089 | DN57: 70.562933 | DQ57: 0 | DT57: 0 | DW57: 0 | DX57: #N/A | DY57: #N/A | DZ57: #N/A | EA57: #N/A | EB57: #N/A | EH57: -0.5 | EI57: #DIV/0! | EJ57: 0 | EK57: 0 | EL57: #DIV/0! | EM57: 0 | EN57: 0 | EO57: #DIV/0! | EP57: 0 | EQ57: 10 | ER57: 2.5 | ES57: #DIV/0! | ET57: 0 | EU57: 0 | EV57: 0.12 | EW57: -0.18791219 | EX57: -0.18791219 | EY57: 42.547274 | EZ57: 0 | FA57: #DIV/0! | FB57: #DIV/0! | FC57: 30 | FD57: 30/48 | FJ57: MC | FK57: MC | FL57: MC | FN57: 39 | FO57: 48 | FP57: 0.625 | FQ57: 30 | FR57: 0.31862108 | FS57: 62.499307 | FT57: 0.4375 | FU57: 1.2566495 | FV57: 89.555971 | FW57: 0.1875 | FX57: 0.99714416 | FY57: 84.065273 | FZ57: 0.083333333 | GA57: 0.44657546 | GB57: 67.240919 | GC57: -0.19470404 | GD57: -0.38 | GE57: -0.28735202 | GF57: -0.11708056 | GG57: 45.339811 | GH57: 24 | GI57: 0.34339251 | GJ57: -0.02 | GK57: 0.16169626 | GL57: 0.59967519 | GM57: 72.563864 | GN57: 64 | GO57: 0.95068635 | GP57: 0.11 | GQ57: 0.53034318 | GR57: 1.1069833 | GS57: 86.584943 | GT57: 160 | GU57: 17.741935 | GV57: 59 | GW57: 49 | GX57: 0.0035 | GY57: 0.02845 | GZ57: 0.0676 | HA57: 150 | HB57: 1100 | HC57: 400 | HD57: -0.0031225166 | HE57: -0.024066667 | HF57: -0.0717 | HH57: =IFERROR(RANK(HI57,HI$4:HI$1100),"") -> 54 | HI57: =IFERROR(((J57*G$1)+(N57*K$1)+(R57*O$1)+(V57*S$1)+(Z57*W$1)+(AD57*AA$1)+(AH57*AE$1)+(AL57*AI$1)+(AP57*AM$1)+(AT57*AQ$1)+(AX57*AU$1)+(BB57*AY$1)+(BF57*BC$1)+(BJ57*BG$1)+(BN57*BK$1)+(BR57*BO$1)+(BV57*BS$1)+(BZ57*BW$1)+(CD57*CA$1)+(CH57*CE$1)+(CL57*CI$1)+(CP57*CM$1)+(CT57*CQ$1)+(CX57*CU$1)+(DB57*CY$1)+(DF57*DC$1)+(DJ57*DG$1)+(DN57*DK$1)+(DQ57*DO$1)+(DT57*DR$1)+(DW57*DU$1)+(EU57*EU$1)+(EY57*EV$1)+(FC57*EZ$1)+(FS57*FP$1)+(GB57*FZ$1)+(FY57*FW$1)+(FV57*FT$1)+(GG57*GE$1)+(GM57*GK$1)+(GS57*GQ$1)+(GU57*GU$1))*(1+HG57),"") -> 53.893029 | HJ57: 6900 | HK57: 0.0276 | HL57: =IFERROR(GV57-HH57,"") -> 5 | HM57: =IFERROR(HI57/(HJ57/1000),0) -> 7.8105839 | HN57: 8600 | HO57: 0.0253 | HP57: =GW57-HH57 -> -5 | HQ57: =HI57/(HN57/1000) -> 6.2666313
